<shapes name="mxGraph.aws.compute">
<shape name="CloudWatch" h="55.35" w="53.01" aspect="variable" strokewidth="inherit">
<connections>
<constraint x="0.5" y="0" perimeter="0" name="N"/>
<constraint x="0.5" y="1" perimeter="0" name="S"/>
<constraint x="0.035" y="0.5" perimeter="0" name="W"/>
<constraint x="0.925" y="0.5" perimeter="0" name="E"/>
<constraint x="0" y="1" perimeter="0" name="SW"/>
<constraint x="1" y="1" perimeter="0" name="SE"/>
</connections>
<background>
<rect x="0" y="49.26" w="53.01" h="6.08"/>
</background>
<foreground>
<fillstroke/>
<rect x="2.01" y="16.35" w="11.42" h="28.41"/>
<fillstroke/>
<rect x="20.04" y="0" w="11.84" h="44.76"/>
<fillstroke/>
<rect x="37.23" y="24.37" w="11.84" h="20.4"/>
<fillstroke/>
</foreground>
</shape>
<shape name="CloudWatch Alarm" h="59.91" w="53.01" aspect="variable" strokewidth="inherit">
<connections>
<constraint x="0.5" y="0.44" perimeter="0" name="center"/>
<constraint x="0.5" y="1" perimeter="0" name="S"/>
<constraint x="0.04" y="0.5" perimeter="0" name="W"/>
<constraint x="0.93" y="0.5" perimeter="0" name="E"/>
<constraint x="0" y="1" perimeter="0" name="SW"/>
<constraint x="1" y="1" perimeter="0" name="SE"/>
<constraint x="0.83" y="0" perimeter="0" name="NE"/>
</connections>
<background>
<rect x="2.25" y="20.91" w="11.42" h="28.41"/>
</background>
<foreground>
<fillstroke/>
<rect x="20.28" y="26.45" w="11.84" h="22.87"/>
<fillstroke/>
<path>
<move x="38.8" y="49.32"/>
<line x="49.28" y="49.32"/>
<line x="49.28" y="15.2"/>
<curve x1="43.57" y1="18.68" x2="38.8" y2="15.3" x3="38.8" y3="15.3"/>
<line x="38.8" y="49.32"/>
<close/>
</path>
<fillstroke/>
<rect x="0" y="53.82" w="53.01" h="6.08"/>
<fillstroke/>
<ellipse x="36.81" y="0" w="13.88" h="13.88"/>
<fillstroke/>
</foreground>
</shape>
<shape name="EC2" h="56.81" w="55.7" aspect="variable" strokewidth="inherit">
<connections>
<constraint x="0.5" y="0" perimeter="0" name="N"/>
<constraint x="0.5" y="1" perimeter="0" name="S"/>
<constraint x="0" y="0.5" perimeter="0" name="W"/>
<constraint x="1" y="0.5" perimeter="0" name="E"/>
<constraint x="0.025" y="0.025" perimeter="0" name="NW"/>
<constraint x="0.025" y="0.975" perimeter="0" name="SW"/>
<constraint x="0.975" y="0.025" perimeter="0" name="NE"/>
<constraint x="0.975" y="0.975" perimeter="0" name="SE"/>
</connections>
<background>
<path>
<move x="0" y="51.81"/>
<curve x1="0" y1="54.57" x2="2.24" y2="56.81" x3="5" y3="56.81"/>
<line x="50.7" y="56.81"/>
<curve x1="53.46" y1="56.81" x2="55.7" y2="54.57" x3="55.7" y3="51.81"/>
<line x="55.7" y="5"/>
<curve x1="55.7" y1="2.24" x2="53.46" y2="0" x3="50.7" y3="0"/>
<line x="5" y="0"/>
<curve x1="2.24" y1="0" x2="0" y2="2.24" x3="0" y3="5"/>
<line x="0" y="51.81"/>
<close/>
</path>
</background>
<foreground>
<fillstroke/>
</foreground>
</shape>
<shape name="EC2 AMI" h="56.81" w="55.7" aspect="variable" strokewidth="inherit">
<connections>
<constraint x="0.5" y="0" perimeter="0" name="N"/>
<constraint x="0.5" y="1" perimeter="0" name="S"/>
<constraint x="0" y="0.5" perimeter="0" name="W"/>
<constraint x="1" y="0.5" perimeter="0" name="E"/>
<constraint x="0.025" y="0.025" perimeter="0" name="NW"/>
<constraint x="0.025" y="0.975" perimeter="0" name="SW"/>
<constraint x="0.975" y="0.025" perimeter="0" name="NE"/>
<constraint x="0.975" y="0.975" perimeter="0" name="SE"/>
</connections>
<background>
<path>
<move x="50.7" y="0"/>
<line x="5" y="0"/>
<curve x1="2.24" y1="0" x2="0" y2="2.24" x3="0" y3="5"/>
<line x="0" y="51.81"/>
<curve x1="0" y1="54.57" x2="2.24" y2="56.81" x3="5" y3="56.81"/>
<line x="50.7" y="56.81"/>
<curve x1="53.46" y1="56.81" x2="55.7" y2="54.57" x3="55.7" y3="51.81"/>
<line x="55.7" y="5"/>
<curve x1="55.7" y1="2.24" x2="53.46" y2="0" x3="50.7" y3="0"/>
<close/>
<move x="45.47" y="44.82"/>
<line x="10.22" y="44.82"/>
<line x="10.22" y="30.2"/>
<line x="45.47" y="30.2"/>
<line x="45.47" y="44.82"/>
<close/>
<move x="45.47" y="26.16"/>
<line x="10.22" y="26.16"/>
<line x="10.22" y="11.53"/>
<line x="45.47" y="11.53"/>
<line x="45.47" y="26.16"/>
<close/>
</path>
</background>
<foreground>
<fillstroke/>
<rect x="23.72" y="32.7" w="8.5" h="9.62"/>
<fillstroke/>
<rect x="12.72" y="32.7" w="8.5" h="9.62"/>
<fillstroke/>
<rect x="34.72" y="32.7" w="8.25" h="9.62"/>
<fillstroke/>
<rect x="34.72" y="14.03" w="8.25" h="9.62"/>
<fillstroke/>
<rect x="23.72" y="14.03" w="8.5" h="9.62"/>
<fillstroke/>
<rect x="12.72" y="14.03" w="8.5" h="9.62"/>
<fillstroke/>
</foreground>
</shape>
<shape name="EC2 DB on Instance" h="57.96" w="61.77" aspect="variable" strokewidth="inherit">
<connections>
<constraint x="0.5" y="0" perimeter="0" name="N"/>
<constraint x="0.5" y="0.98" perimeter="0" name="S"/>
<constraint x="0" y="0.5" perimeter="0" name="W"/>
<constraint x="0.9" y="0.5" perimeter="0" name="E"/>
<constraint x="0.023" y="0.023" perimeter="0" name="NW"/>
<constraint x="0.023" y="0.955" perimeter="0" name="SW"/>
<constraint x="0.88" y="0.023" perimeter="0" name="NE"/>
<constraint x="1" y="0.95" perimeter="0" name="SE"/>
</connections>
<background>
<path>
<move x="35.45" y="33.49"/>
<curve x1="35.43" y1="33.41" x2="35.43" y2="33.34" x3="35.43" y3="33.26"/>
<curve x1="35.43" y1="33.13" x2="35.46" y2="33.01" x3="35.49" y3="32.89"/>
<curve x1="36.07" y1="30.25" x2="42.69" y2="28.87" x3="49.25" y3="28.87"/>
<curve x1="51.47" y1="28.87" x2="53.7" y2="29.04" x3="55.7" y3="29.35"/>
<line x="55.7" y="5"/>
<curve x1="55.7" y1="2.24" x2="53.46" y2="0" x3="50.7" y3="0"/>
<line x="5" y="0"/>
<curve x1="2.24" y1="0" x2="0" y2="2.24" x3="0" y3="5"/>
<line x="0" y="51.81"/>
<curve x1="0" y1="54.57" x2="2.24" y2="56.81" x3="5" y3="56.81"/>
<line x="36.22" y="56.75"/>
<curve x1="35.71" y1="56.23" x2="35.43" y2="55.66" x3="35.43" y3="55.08"/>
<line x="35.45" y="33.49"/>
<close/>
</path>
</background>
<foreground>
<fillstroke/>
<path>
<move x="55.7" y="37.18"/>
<line x="55.7" y="37.17"/>
<curve x1="55.35" y1="37.23" x2="55.01" y2="37.27" x3="54.66" y3="37.32"/>
<curve x1="54.49" y1="37.34" x2="54.32" y2="37.37" x3="54.14" y3="37.39"/>
<curve x1="53.82" y1="37.43" x2="53.49" y2="37.45" x3="53.17" y3="37.48"/>
<curve x1="52.96" y1="37.5" x2="52.75" y2="37.52" x3="52.54" y3="37.53"/>
<curve x1="52.13" y1="37.56" x2="51.71" y2="37.58" x3="51.28" y3="37.6"/>
<curve x1="51.21" y1="37.6" x2="51.14" y2="37.61" x3="51.07" y3="37.61"/>
<curve x1="50.58" y1="37.62" x2="50.08" y2="37.64" x3="49.56" y3="37.64"/>
<curve x1="49.46" y1="37.64" x2="49.35" y2="37.64" x3="49.25" y3="37.64"/>
<curve x1="44.32" y1="37.64" x2="39.36" y2="36.86" x3="36.95" y3="35.36"/>
<line x="36.95" y="55.17"/>
<curve x1="37.08" y1="55.63" x2="38.25" y2="56.23" x3="39.89" y3="56.76"/>
<curve x1="42.11" y1="57.42" x2="45.53" y2="57.96" x3="50.05" y3="57.96"/>
<curve x1="58.32" y1="57.96" x2="61.75" y2="56.09" x3="61.75" y3="55.09"/>
<line x="61.77" y="35.18"/>
<curve x1="60.48" y1="36.02" x2="58.39" y2="36.73" x3="55.7" y3="37.18"/>
<close/>
</path>
<fillstroke/>
<path>
<move x="49.25" y="30.37"/>
<curve x1="41.28" y1="30.37" x2="36.93" y2="32.28" x3="36.93" y3="33.26"/>
<curve x1="36.93" y1="34.24" x2="41.28" y2="36.15" x3="49.25" y3="36.15"/>
<curve x1="51.78" y1="36.15" x2="53.94" y2="35.95" x3="55.72" y3="35.66"/>
<curve x1="59.53" y1="35.03" x2="61.56" y2="33.93" x3="61.56" y3="33.26"/>
<curve x1="61.56" y1="32.59" x2="59.54" y2="31.49" x3="55.72" y3="30.86"/>
<curve x1="53.94" y1="30.57" x2="51.78" y2="30.37" x3="49.25" y3="30.37"/>
<close/>
</path>
<fillstroke/>
</foreground>
</shape>
<shape name="EC2 Elastic IP" h="9.19" w="37.25" aspect="variable" strokewidth="inherit">
<connections>
<constraint x="0" y="0.5" perimeter="0" name="W"/>
<constraint x="1" y="0.5" perimeter="0" name="E"/>
</connections>
<background>
<path>
<move x="34.19" y="5.75"/>
<line x="37.25" y="4.6"/>
<line x="34.19" y="3.45"/>
<line x="34.19" y="3.35"/>
<line x="33.92" y="3.35"/>
<line x="25" y="0"/>
<line x="25" y="3.35"/>
<line x="8.08" y="3.35"/>
<curve x1="7.55" y1="1.67" x2="6" y2="0.45" x3="4.15" y3="0.45"/>
<curve x1="1.86" y1="0.45" x2="0" y2="2.3" x3="0" y3="4.6"/>
<curve x1="0" y1="6.89" x2="1.86" y2="8.75" x3="4.15" y3="8.75"/>
<curve x1="6" y1="8.75" x2="7.55" y2="7.52" x3="8.08" y3="5.85"/>
<line x="25" y="5.85"/>
<line x="25" y="9.19"/>
<line x="33.92" y="5.85"/>
<line x="34.19" y="5.85"/>
<line x="34.19" y="5.75"/>
<close/>
</path>
</background>
<foreground>
<fillstroke/>
</foreground>
</shape>
<shape name="EC2 Instance" h="56.81" w="55.69" aspect="variable" strokewidth="inherit">
<connections>
<constraint x="0.5" y="0" perimeter="0" name="N"/>
<constraint x="0.5" y="1" perimeter="0" name="S"/>
<constraint x="0" y="0.5" perimeter="0" name="W"/>
<constraint x="1" y="0.5" perimeter="0" name="E"/>
<constraint x="0.025" y="0.025" perimeter="0" name="NW"/>
<constraint x="0.025" y="0.975" perimeter="0" name="SW"/>
<constraint x="0.975" y="0.025" perimeter="0" name="NE"/>
<constraint x="0.975" y="0.975" perimeter="0" name="SE"/>
</connections>
<background>
<path>
<move x="0" y="51.81"/>
<curve x1="0" y1="54.57" x2="2.24" y2="56.81" x3="5" y3="56.81"/>
<line x="50.7" y="56.81"/>
<curve x1="53.46" y1="56.81" x2="55.7" y2="54.57" x3="55.7" y3="51.81"/>
<line x="55.7" y="5"/>
<curve x1="55.7" y1="2.24" x2="53.46" y2="0" x3="50.7" y3="0"/>
<line x="5" y="0"/>
<curve x1="2.24" y1="0" x2="0" y2="2.24" x3="0" y3="5"/>
<line x="0" y="51.81"/>
<close/>
</path>
</background>
<foreground>
<fillstroke/>
</foreground>
</shape>
<shape name="EC2 Instances" h="59.57" w="58.32" aspect="variable" strokewidth="inherit">
<connections>
<constraint x="0.5" y="0" perimeter="0" name="N"/>
<constraint x="0.5" y="1" perimeter="0" name="S"/>
<constraint x="0" y="0.5" perimeter="0" name="W"/>
<constraint x="1" y="0.5" perimeter="0" name="E"/>
</connections>
<background>
<path>
<move x="24.88" y="56.57"/>
<curve x1="24.88" y1="58.22" x2="26.22" y2="59.57" x3="27.88" y3="59.57"/>
<line x="55.32" y="59.57"/>
<curve x1="56.98" y1="59.57" x2="58.32" y2="58.22" x3="58.32" y3="56.57"/>
<line x="58.32" y="28.46"/>
<curve x1="58.32" y1="26.8" x2="56.98" y2="25.46" x3="55.32" y3="25.46"/>
<line x="27.88" y="25.46"/>
<curve x1="26.22" y1="25.46" x2="24.88" y2="26.8" x3="24.88" y3="28.46"/>
<line x="24.88" y="56.57"/>
<close/>
</path>
</background>
<foreground>
<fillstroke/>
<path>
<move x="22.23" y="25.85"/>
<curve x1="22.23" y1="24.19" x2="23.58" y2="22.84" x3="25.23" y3="22.84"/>
<line x="45.8" y="22.84"/>
<line x="45.8" y="15.7"/>
<curve x1="45.8" y1="14.04" x2="44.46" y2="12.7" x3="42.8" y3="12.7"/>
<line x="15.36" y="12.7"/>
<curve x1="13.71" y1="12.7" x2="12.36" y2="14.04" x3="12.36" y3="15.7"/>
<line x="12.36" y="43.8"/>
<curve x1="12.36" y1="45.46" x2="13.71" y2="46.81" x3="15.36" y3="46.81"/>
<line x="22.23" y="46.81"/>
<line x="22.23" y="25.85"/>
<close/>
</path>
<fillstroke/>
<path>
<move x="9.87" y="13.15"/>
<curve x1="9.87" y1="11.49" x2="11.21" y2="10.15" x3="12.87" y3="10.15"/>
<line x="33.44" y="10.15"/>
<line x="33.44" y="3"/>
<curve x1="33.44" y1="1.34" x2="32.09" y2="0" x3="30.44" y3="0"/>
<line x="3" y="0"/>
<curve x1="1.34" y1="0" x2="0" y2="1.34" x3="0" y3="3"/>
<line x="0" y="31.11"/>
<curve x1="0" y1="32.76" x2="1.34" y2="34.11" x3="3" y3="34.11"/>
<line x="9.87" y="34.11"/>
<line x="9.87" y="13.15"/>
<close/>
</path>
<fillstroke/>
</foreground>
</shape>
<shape name="EC2 Instance with CloudWatch" h="56.81" w="55.7" aspect="variable" strokewidth="inherit">
<connections>
<constraint x="0.5" y="0" perimeter="0" name="N"/>
<constraint x="0.5" y="1" perimeter="0" name="S"/>
<constraint x="0" y="0.5" perimeter="0" name="W"/>
<constraint x="1" y="0.5" perimeter="0" name="E"/>
<constraint x="0.025" y="0.025" perimeter="0" name="NW"/>
<constraint x="0.025" y="0.975" perimeter="0" name="SW"/>
<constraint x="0.975" y="0.025" perimeter="0" name="NE"/>
<constraint x="0.975" y="0.975" perimeter="0" name="SE"/>
</connections>
<background>
<path>
<move x="50.7" y="0"/>
<line x="5" y="0"/>
<curve x1="2.24" y1="0" x2="0" y2="2.24" x3="0" y3="5"/>
<line x="0" y="51.81"/>
<curve x1="0" y1="54.57" x2="2.24" y2="56.81" x3="5" y3="56.81"/>
<line x="50.69" y="56.81"/>
<curve x1="53.46" y1="56.81" x2="55.69" y2="54.57" x3="55.69" y3="51.81"/>
<line x="55.69" y="5"/>
<curve x1="55.7" y1="2.24" x2="53.46" y2="0" x3="50.7" y3="0"/>
<close/>
<move x="45.62" y="39.1"/>
<line x="52.53" y="39.1"/>
<line x="52.53" y="48.19"/>
<line x="45.62" y="48.19"/>
<line x="45.62" y="39.1"/>
<close/>
<move x="37.16" y="27.3"/>
<line x="44.07" y="27.3"/>
<line x="44.07" y="48.19"/>
<line x="37.16" y="48.19"/>
<line x="37.16" y="27.3"/>
<close/>
<move x="28.7" y="34.38"/>
<line x="35.6" y="34.38"/>
<line x="35.6" y="48.19"/>
<line x="28.7" y="48.19"/>
<line x="28.7" y="34.38"/>
<close/>
<move x="53.03" y="50.22"/>
<line x="53.03" y="51.96"/>
<line x="53.03" y="52.96"/>
<line x="52.03" y="52.96"/>
<line x="29.14" y="52.96"/>
<line x="28.14" y="52.96"/>
<line x="28.14" y="51.96"/>
<line x="28.14" y="50.22"/>
<line x="28.14" y="49.22"/>
<line x="29.14" y="49.22"/>
<line x="52.03" y="49.22"/>
<line x="53.03" y="49.22"/>
<line x="53.03" y="50.22"/>
<close/>
</path>
</background>
<foreground>
<fillstroke/>
<rect x="29.7" y="35.39" w="4.9" h="11.8"/>
<fillstroke/>
<rect x="38.17" y="28.31" w="4.9" h="18.89"/>
<fillstroke/>
<rect x="46.54" y="40.1" w="4.9" h="7.09"/>
<fillstroke/>
<rect x="29.17" y="50.3" w="22.89" h="1.74"/>
<fillstroke/>
</foreground>
</shape>
<shape name="Elastic MapReduce" h="51.98" w="57.29" aspect="variable" strokewidth="inherit">
<connections>
<constraint x="0.5" y="0" perimeter="0" name="N"/>
<constraint x="0.5" y="1" perimeter="0" name="S"/>
<constraint x="0" y="0.5" perimeter="0" name="W"/>
<constraint x="1" y="0.5" perimeter="0" name="E"/>
<constraint x="0" y="0" perimeter="0" name="NW"/>
<constraint x="0" y="1" perimeter="0" name="SW"/>
<constraint x="1" y="0" perimeter="0" name="NE"/>
<constraint x="1" y="1" perimeter="0" name="SE"/>
</connections>
<background>
<rect x="0" y="18.52" w="36.88" h="33.45"/>
</background>
<foreground>
<fillstroke/>
<rect x="40.83" y="0" w="16.47" h="15.1"/>
<fillstroke/>
<rect x="40.83" y="18.52" w="16.47" h="15.1"/>
<fillstroke/>
<rect x="40.83" y="36.88" w="16.47" h="15.09"/>
<fillstroke/>
<rect x="20.41" y="0" w="16.47" h="15.1"/>
<fillstroke/>
<rect x="0" y="0" w="16.47" h="15.1"/>
<fillstroke/>
</foreground>
</shape>
<shape name="Elastic MapReduce Auto Scaling" h="62.6" w="63.35" aspect="variable" strokewidth="inherit">
<connections>
<constraint x="0.5" y="0" perimeter="0" name="N"/>
<constraint x="0.5" y="1" perimeter="0" name="S"/>
<constraint x="0" y="0.5" perimeter="0" name="W"/>
<constraint x="1" y="0.5" perimeter="0" name="E"/>
</connections>
<background>
<path>
<move x="40.27" y="14.08"/>
<line x="45.46" y="14.08"/>
<line x="31.64" y="0"/>
<line x="17.67" y="14.08"/>
<line x="22.86" y="14.08"/>
<line x="22.86" y="23.29"/>
<line x="30.16" y="30.82"/>
<line x="22.86" y="38.4"/>
<line x="22.86" y="48.52"/>
<line x="17.67" y="48.52"/>
<line x="31.49" y="62.6"/>
<line x="45.46" y="48.52"/>
<line x="40.27" y="48.52"/>
<line x="40.27" y="38.28"/>
<line x="33.28" y="30.82"/>
<line x="40.27" y="23.53"/>
<close/>
</path>
</background>
<foreground>
<fillstroke/>
<path>
<move x="26.08" y="30.89"/>
<line x="12" y="16.92"/>
<line x="12" y="23.98"/>
<line x="0" y="23.98"/>
<line x="0" y="37.64"/>
<line x="12" y="37.64"/>
<line x="12" y="44.71"/>
<line x="26.08" y="30.89"/>
<close/>
</path>
<fillstroke/>
<path>
<move x="37.26" y="30.74"/>
<line x="51.35" y="44.71"/>
<line x="51.35" y="37.65"/>
<line x="63.35" y="37.65"/>
<line x="63.35" y="23.99"/>
<line x="51.35" y="23.99"/>
<line x="51.35" y="16.92"/>
<line x="37.26" y="30.74"/>
<close/>
</path>
<fillstroke/>
</foreground>
</shape>
<shape name="Elastic MapReduce Cluster" h="56" w="52" aspect="variable" strokewidth="inherit">
<connections>
<constraint x="0.5" y="0" perimeter="0" name="N"/>
<constraint x="0.5" y="1" perimeter="0" name="S"/>
<constraint x="0" y="0.5" perimeter="0" name="W"/>
<constraint x="1" y="0.3" perimeter="0" name="E1"/>
<constraint x="1" y="0.67" perimeter="0" name="E2"/>
</connections>
<background>
<path>
<move x="49.8" y="23"/>
<curve x1="50.9" y1="23" x2="52" y2="22.22" x3="52" y3="21.11"/>
<line x="52" y="13.39"/>
<curve x1="52" y1="12.28" x2="50.9" y2="11" x3="49.8" y3="11"/>
<line x="42.07" y="11"/>
<curve x1="41.44" y1="11" x2="40.74" y2="11.5" x3="40.38" y3="11.96"/>
<line x="36" y="9.12"/>
<line x="36" y="2.3"/>
<curve x1="36" y1="1.2" x2="35.38" y2="0" x3="34.28" y3="0"/>
<line x="26.55" y="0"/>
<curve x1="25.45" y1="0" x2="25" y2="1.2" x3="25" y3="2.3"/>
<line x="25" y="10.03"/>
<curve x1="25" y1="10.41" x2="24.89" y2="10.76" x3="25.07" y3="11.06"/>
<line x="18.39" y="18.84"/>
<curve x1="18.32" y1="18.83" x2="18.14" y2="19" x3="18.06" y3="19"/>
<line x="3.2" y="19"/>
<curve x1="1.55" y1="19" x2="0" y2="19.97" x3="0" y3="21.63"/>
<line x="0" y="36.49"/>
<curve x1="0" y1="38.15" x2="1.55" y2="39" x3="3.2" y3="39"/>
<line x="17.1" y="39"/>
<line x="25" y="47.32"/>
<line x="25" y="53.7"/>
<curve x1="25" y1="54.8" x2="25.45" y2="56" x3="26.56" y3="56"/>
<line x="34.28" y="56"/>
<curve x1="35.38" y1="56" x2="36" y2="54.8" x3="36" y3="53.7"/>
<line x="36" y="46.72"/>
<line x="40.78" y="42.78"/>
<curve x1="41.1" y1="43.02" x2="41.64" y2="43" x3="42.07" y3="43"/>
<line x="49.8" y="43"/>
<curve x1="50.9" y1="43" x2="52" y2="42.43" x3="52" y3="41.32"/>
<line x="52" y="33.6"/>
<curve x1="52" y1="32.5" x2="50.9" y2="32" x3="49.8" y3="32"/>
<line x="47" y="32"/>
<line x="47" y="23"/>
<line x="49.8" y="23"/>
<close/>
<move x="26.66" y="12"/>
<line x="32.2" y="12"/>
<line x="35.97" y="19.71"/>
<line x="21" y="25.05"/>
<line x="21" y="21.63"/>
<curve x1="21" y1="20.8" x2="20.69" y2="20.04" x3="20.15" y3="19.5"/>
<line x="26.66" y="12"/>
<close/>
<move x="40" y="18.28"/>
<line x="37.86" y="19.05"/>
<line x="34.4" y="12.01"/>
<curve x1="34.97" y1="11.97" x2="35.45" y2="11.69" x3="35.79" y3="11.26"/>
<line x="40" y="14.29"/>
<line x="40" y="18.28"/>
<close/>
<move x="21" y="36.49"/>
<line x="21" y="33.53"/>
<line x="35.4" y="36.47"/>
<line x="31.76" y="44"/>
<line x="26.56" y="44"/>
<curve x1="25.88" y1="44" x2="25.29" y2="44.32" x3="24.93" y3="44.83"/>
<line x="19.47" y="39.11"/>
<curve x1="20.39" y1="38.6" x2="21" y2="37.62" x3="21" y3="36.49"/>
<close/>
<move x="34.28" y="44"/>
<line x="33.99" y="44"/>
<line x="37.42" y="36.88"/>
<line x="40" y="37.4"/>
<line x="40" y="41.06"/>
<line x="35.68" y="44.61"/>
<curve x1="35.32" y1="44.23" x2="34.84" y2="44" x3="34.28" y3="44"/>
<close/>
<move x="40" y="33.6"/>
<line x="40" y="35.36"/>
<line x="38.33" y="35.01"/>
<line x="40.93" y="29.73"/>
<line x="41.83" y="31.62"/>
<curve x1="40.82" y1="31.72" x2="40" y2="32.56" x3="40" y3="33.6"/>
<close/>
<move x="36.31" y="34.6"/>
<line x="21" y="31.49"/>
<line x="21" y="27.17"/>
<line x="36.86" y="21.53"/>
<line x="39.8" y="27.47"/>
<line x="36.31" y="34.6"/>
<close/>
<move x="38.75" y="20.86"/>
<line x="40" y="20.4"/>
<line x="40" y="21.11"/>
<curve x1="40" y1="22.18" x2="40.87" y2="23.04" x3="41.93" y3="23.1"/>
<line x="40.9" y="25.2"/>
<line x="38.75" y="20.86"/>
<close/>
<move x="45" y="32"/>
<line x="44.1" y="32"/>
<line x="42.06" y="27.61"/>
<line x="44.18" y="23"/>
<line x="45" y="23"/>
<line x="45" y="32"/>
<close/>
</path>
</background>
<foreground>
<fillstroke/>
</foreground>
</shape>
<shape name="Elastic MapReduce HDFS Cluster" h="56" w="57.15" aspect="variable" strokewidth="inherit">
<connections>
<constraint x="0.62" y="0" perimeter="0" name="N"/>
<constraint x="0.62" y="1" perimeter="0" name="S"/>
<constraint x="0" y="0.5" perimeter="0" name="W"/>
<constraint x="1" y="0.3" perimeter="0" name="E1"/>
<constraint x="1" y="0.67" perimeter="0" name="E2"/>
</connections>
<background>
<path>
<move x="54.76" y="23"/>
<curve x1="55.86" y1="23" x2="57.15" y2="22.22" x3="57.15" y3="21.11"/>
<line x="57.15" y="13.39"/>
<curve x1="57.15" y1="12.28" x2="55.86" y2="11" x3="54.76" y3="11"/>
<line x="47.04" y="11"/>
<curve x1="46.4" y1="11" x2="45.8" y2="11.5" x3="45.43" y3="11.96"/>
<line x="41.15" y="9.12"/>
<line x="41.15" y="2.3"/>
<curve x1="41.15" y1="1.2" x2="40.34" y2="0" x3="39.24" y3="0"/>
<line x="31.52" y="0"/>
<curve x1="30.41" y1="0" x2="29.15" y2="1.2" x3="29.15" y3="2.3"/>
<line x="29.15" y="10.03"/>
<curve x1="29.15" y1="10.41" x2="29.44" y2="10.76" x3="29.63" y3="11.06"/>
<line x="13.73" y="29.44"/>
<line x="14.53" y="30"/>
<line x="14.55" y="30"/>
<line x="13.66" y="30.78"/>
<line x="29.15" y="47.32"/>
<line x="29.15" y="53.7"/>
<curve x1="29.15" y1="54.8" x2="30.41" y2="56" x3="31.52" y3="56"/>
<line x="39.24" y="56"/>
<curve x1="40.34" y1="56" x2="41.15" y2="54.8" x3="41.15" y3="53.7"/>
<line x="41.15" y="46.72"/>
<line x="45.83" y="42.78"/>
<curve x1="46.16" y1="43.02" x2="46.6" y2="43" x3="47.04" y3="43"/>
<line x="54.76" y="43"/>
<curve x1="55.86" y1="43" x2="57.15" y2="42.43" x3="57.15" y3="41.32"/>
<line x="57.15" y="33.6"/>
<curve x1="57.15" y1="32.5" x2="55.86" y2="32" x3="54.76" y3="32"/>
<line x="52.15" y="32"/>
<line x="52.15" y="23"/>
<line x="54.76" y="23"/>
<close/>
<move x="31.62" y="12"/>
<line x="37.16" y="12"/>
<line x="40.96" y="19.71"/>
<line x="17.82" y="27.95"/>
<line x="31.62" y="12"/>
<close/>
<move x="45.15" y="18.28"/>
<line x="42.92" y="19.05"/>
<line x="39.41" y="12.01"/>
<curve x1="39.98" y1="11.97" x2="40.53" y2="11.69" x3="40.87" y3="11.26"/>
<line x="45.15" y="14.29"/>
<line x="45.15" y="18.28"/>
<close/>
<move x="29.89" y="44.83"/>
<line x="17.5" y="31.8"/>
<line x="40.4" y="36.47"/>
<line x="36.72" y="44"/>
<line x="31.52" y="44"/>
<curve x1="30.85" y1="44" x2="30.26" y2="44.32" x3="29.89" y3="44.83"/>
<close/>
<move x="39.24" y="44"/>
<line x="38.95" y="44"/>
<line x="42.48" y="36.88"/>
<line x="45.15" y="37.4"/>
<line x="45.15" y="41.05"/>
<line x="40.74" y="44.61"/>
<curve x1="40.37" y1="44.23" x2="39.81" y2="44" x3="39.24" y3="44"/>
<close/>
<move x="45.15" y="33.6"/>
<line x="45.15" y="35.36"/>
<line x="43.38" y="35.01"/>
<line x="45.94" y="29.73"/>
<line x="46.91" y="31.62"/>
<curve x1="45.9" y1="31.72" x2="45.15" y2="32.56" x3="45.15" y3="33.6"/>
<close/>
<move x="41.3" y="34.6"/>
<line x="18.3" y="29.92"/>
<line x="41.86" y="21.53"/>
<line x="44.79" y="27.47"/>
<line x="41.3" y="34.6"/>
<close/>
<move x="43.81" y="20.86"/>
<line x="45.15" y="20.4"/>
<line x="45.15" y="21.11"/>
<curve x1="45.15" y1="22.18" x2="45.93" y2="23.04" x3="46.98" y3="23.1"/>
<line x="45.95" y="25.2"/>
<line x="43.81" y="20.86"/>
<close/>
<move x="50.15" y="32"/>
<line x="49.06" y="32"/>
<line x="47.02" y="27.61"/>
<line x="49.15" y="23"/>
<line x="50.15" y="23"/>
<line x="50.15" y="32"/>
<close/>
</path>
</background>
<foreground>
<fillstroke/>
<path>
<move x="13.63" y="24.07"/>
<line x="13.63" y="24.06"/>
<curve x1="13.4" y1="24.1" x2="13.16" y2="24.13" x3="12.93" y3="24.16"/>
<curve x1="12.78" y1="24.18" x2="12.64" y2="24.21" x3="12.49" y3="24.22"/>
<curve x1="12.27" y1="24.25" x2="12.05" y2="24.27" x3="11.83" y3="24.29"/>
<curve x1="11.66" y1="24.3" x2="11.5" y2="24.31" x3="11.33" y3="24.33"/>
<curve x1="11.04" y1="24.35" x2="10.74" y2="24.36" x3="10.45" y3="24.38"/>
<curve x1="10.38" y1="24.38" x2="10.31" y2="24.38" x3="10.25" y3="24.38"/>
<curve x1="9.9" y1="24.39" x2="9.55" y2="24.4" x3="9.18" y3="24.4"/>
<curve x1="9.1" y1="24.4" x2="9.03" y2="24.41" x3="8.95" y3="24.41"/>
<curve x1="5.37" y1="24.41" x2="1.77" y2="23.84" x3="0.01" y3="22.75"/>
<line x="0.01" y="37.14"/>
<curve x1="0.11" y1="37.48" x2="0.96" y2="37.91" x3="2.16" y3="38.3"/>
<curve x1="3.77" y1="38.77" x2="6.25" y2="39.17" x3="9.53" y3="39.17"/>
<curve x1="15.54" y1="39.17" x2="18.03" y2="37.81" x3="18.03" y3="37.08"/>
<line x="18.04" y="22.62"/>
<curve x1="17.11" y1="23.23" x2="15.59" y2="23.75" x3="13.63" y3="24.07"/>
<close/>
</path>
<fillstroke/>
<path>
<move x="8.95" y="18.83"/>
<curve x1="3.16" y1="18.83" x2="0" y2="20.22" x3="0" y3="20.93"/>
<curve x1="0" y1="21.64" x2="3.16" y2="23.03" x3="8.95" y3="23.03"/>
<curve x1="10.79" y1="23.03" x2="12.36" y2="22.88" x3="13.65" y3="22.67"/>
<curve x1="16.42" y1="22.21" x2="17.89" y2="21.42" x3="17.89" y3="20.93"/>
<curve x1="17.89" y1="20.44" x2="16.42" y2="19.65" x3="13.65" y3="19.19"/>
<curve x1="12.36" y1="18.97" x2="10.79" y2="18.83" x3="8.95" y3="18.83"/>
<close/>
</path>
<fillstroke/>
</foreground>
</shape>
</shapes>