<shapes name="mxGraph.aws.non_service_specific">
<shape name="AWS Management Console" h="53.14" w="56.52" aspect="variable" strokewidth="inherit">
<connections>
<constraint x="0.5" y="0" perimeter="0" name="N"/>
<constraint x="0.5" y="1" perimeter="0" name="S"/>
<constraint x="0" y="0.5" perimeter="0" name="W"/>
<constraint x="1" y="0.5" perimeter="0" name="E"/>
<constraint x="0.035" y="0.035" perimeter="0" name="NW"/>
<constraint x="0.025" y="0.975" perimeter="0" name="SW"/>
<constraint x="0.965" y="0.035" perimeter="0" name="NE"/>
<constraint x="0.975" y="0.975" perimeter="0" name="SE"/>
</connections>
<foreground>
<path>
<move x="52.2" y="41.02"/>
<line x="4.31" y="41.02"/>
<curve x1="1.93" y1="41.02" x2="0" y2="42.95" x3="0" y3="45.34"/>
<line x="0" y="48.82"/>
<curve x1="0" y1="51.2" x2="1.93" y2="53.14" x3="4.31" y3="53.14"/>
<line x="52.2" y="53.14"/>
<curve x1="54.59" y1="53.14" x2="56.52" y2="51.2" x3="56.52" y3="48.82"/>
<line x="56.52" y="45.34"/>
<curve x1="56.52" y1="42.95" x2="54.59" y2="41.02" x3="52.2" y3="41.02"/>
<close/>
<move x="50.29" y="48.81"/>
<line x="32.39" y="48.81"/>
<curve x1="31.44" y1="48.81" x2="30.66" y2="48.03" x3="30.66" y3="47.08"/>
<curve x1="30.66" y1="46.12" x2="31.43" y2="45.35" x3="32.39" y3="45.35"/>
<line x="50.3" y="45.35"/>
<curve x1="51.25" y1="45.35" x2="52.02" y2="46.12" x3="52.02" y3="47.08"/>
<curve x1="52.02" y1="48.03" x2="51.25" y2="48.81" x3="50.29" y3="48.81"/>
<close/>
</path>
<fillstroke/>
<path>
<move x="6.57" y="37.5"/>
<line x="49.89" y="37.5"/>
<curve x1="53.49" y1="37.5" x2="56.42" y2="34.57" x3="56.42" y3="30.97"/>
<line x="56.42" y="6.54"/>
<curve x1="56.42" y1="2.93" x2="53.49" y2="0" x3="49.89" y3="0"/>
<line x="6.57" y="0"/>
<curve x1="2.97" y1="0" x2="0.04" y2="2.93" x3="0.04" y3="6.54"/>
<line x="0.04" y="30.97"/>
<curve x1="0.04" y1="34.57" x2="2.97" y2="37.5" x3="6.57" y3="37.5"/>
<close/>
<move x="4.61" y="6.54"/>
<curve x1="4.61" y1="5.45" x2="5.49" y2="4.57" x3="6.57" y3="4.57"/>
<line x="49.89" y="4.57"/>
<curve x1="50.97" y1="4.57" x2="51.85" y2="5.45" x3="51.85" y3="6.54"/>
<line x="51.85" y="30.97"/>
<curve x1="51.85" y1="32.05" x2="50.97" y2="32.93" x3="49.89" y3="32.93"/>
<line x="6.57" y="32.93"/>
<curve x1="5.49" y1="32.93" x2="4.61" y2="32.05" x3="4.61" y3="30.97"/>
<line x="4.61" y="6.54"/>
<close/>
</path>
<fillstroke/>
</foreground>
</shape>
<shape name="Client" h="53.14" w="56.52" aspect="variable" strokewidth="inherit">
<connections>
<constraint x="0.5" y="0" perimeter="0" name="N"/>
<constraint x="0.5" y="1" perimeter="0" name="S"/>
<constraint x="0" y="0.5" perimeter="0" name="W"/>
<constraint x="1" y="0.5" perimeter="0" name="E"/>
<constraint x="0.035" y="0.035" perimeter="0" name="NW"/>
<constraint x="0.025" y="0.975" perimeter="0" name="SW"/>
<constraint x="0.965" y="0.035" perimeter="0" name="NE"/>
<constraint x="0.975" y="0.975" perimeter="0" name="SE"/>
</connections>
<foreground>
<path>
<move x="52.2" y="41.02"/>
<line x="4.31" y="41.02"/>
<curve x1="1.93" y1="41.02" x2="0" y2="42.95" x3="0" y3="45.34"/>
<line x="0" y="48.82"/>
<curve x1="0" y1="51.2" x2="1.93" y2="53.14" x3="4.31" y3="53.14"/>
<line x="52.2" y="53.14"/>
<curve x1="54.59" y1="53.14" x2="56.52" y2="51.2" x3="56.52" y3="48.82"/>
<line x="56.52" y="45.34"/>
<curve x1="56.52" y1="42.95" x2="54.59" y2="41.02" x3="52.2" y3="41.02"/>
<close/>
<move x="50.29" y="48.81"/>
<line x="32.39" y="48.81"/>
<curve x1="31.44" y1="48.81" x2="30.66" y2="48.03" x3="30.66" y3="47.08"/>
<curve x1="30.66" y1="46.12" x2="31.43" y2="45.35" x3="32.39" y3="45.35"/>
<line x="50.3" y="45.35"/>
<curve x1="51.25" y1="45.35" x2="52.02" y2="46.12" x3="52.02" y3="47.08"/>
<curve x1="52.02" y1="48.03" x2="51.25" y2="48.81" x3="50.29" y3="48.81"/>
<close/>
</path>
<fillstroke/>
<path>
<move x="6.57" y="37.5"/>
<line x="49.89" y="37.5"/>
<curve x1="53.49" y1="37.5" x2="56.42" y2="34.57" x3="56.42" y3="30.97"/>
<line x="56.42" y="6.54"/>
<curve x1="56.42" y1="2.93" x2="53.49" y2="0" x3="49.89" y3="0"/>
<line x="6.57" y="0"/>
<curve x1="2.97" y1="0" x2="0.04" y2="2.93" x3="0.04" y3="6.54"/>
<line x="0.04" y="30.97"/>
<curve x1="0.04" y1="34.57" x2="2.97" y2="37.5" x3="6.57" y3="37.5"/>
<close/>
<move x="4.61" y="6.54"/>
<curve x1="4.61" y1="5.45" x2="5.49" y2="4.57" x3="6.57" y3="4.57"/>
<line x="49.89" y="4.57"/>
<curve x1="50.97" y1="4.57" x2="51.85" y2="5.45" x3="51.85" y3="6.54"/>
<line x="51.85" y="30.97"/>
<curve x1="51.85" y1="32.05" x2="50.97" y2="32.93" x3="49.89" y3="32.93"/>
<line x="6.57" y="32.93"/>
<curve x1="5.49" y1="32.93" x2="4.61" y2="32.05" x3="4.61" y3="30.97"/>
<line x="4.61" y="6.54"/>
<close/>
</path>
<fillstroke/>
</foreground>
</shape>
<shape name="Corporate Data Center" h="53.76" w="40.79" aspect="variable" strokewidth="inherit">
<connections>
<constraint x="0.5" y="0" perimeter="0" name="N"/>
<constraint x="0.5" y="1" perimeter="0" name="S"/>
<constraint x="0" y="0.5" perimeter="0" name="W"/>
<constraint x="1" y="0.5" perimeter="0" name="E"/>
<constraint x="0.015" y="0.015" perimeter="0" name="NW"/>
<constraint x="0.015" y="0.985" perimeter="0" name="SW"/>
<constraint x="0.985" y="0.015" perimeter="0" name="NE"/>
<constraint x="0.985" y="0.985" perimeter="0" name="SE"/>
</connections>
<background>
<path>
<move x="37.79" y="0"/>
<line x="3" y="0"/>
<curve x1="1.34" y1="0" x2="0" y2="1.34" x3="0" y3="3"/>
<line x="0" y="50.76"/>
<curve x1="0" y1="52.41" x2="1.34" y2="53.76" x3="3" y3="53.76"/>
<line x="37.78" y="53.76"/>
<curve x1="39.44" y1="53.76" x2="40.78" y2="52.41" x3="40.78" y3="50.76"/>
<line x="40.78" y="3"/>
<curve x1="40.79" y1="1.34" x2="39.44" y2="0" x3="37.79" y3="0"/>
<close/>
<move x="27.5" y="7.62"/>
<line x="35.74" y="7.62"/>
<line x="35.74" y="10.95"/>
<line x="27.5" y="10.95"/>
<line x="27.5" y="7.62"/>
<close/>
<move x="16.21" y="7.62"/>
<line x="24.45" y="7.62"/>
<line x="24.45" y="10.95"/>
<line x="16.21" y="10.95"/>
<line x="16.21" y="7.62"/>
<close/>
<move x="4.92" y="7.62"/>
<line x="13.16" y="7.62"/>
<line x="13.16" y="10.95"/>
<line x="4.92" y="10.95"/>
<line x="4.92" y="7.62"/>
<close/>
<move x="4.92" y="13.37"/>
<line x="13.16" y="13.37"/>
<line x="13.16" y="16.71"/>
<line x="4.92" y="16.71"/>
<line x="4.92" y="13.37"/>
<close/>
<move x="4.97" y="19.12"/>
<line x="13.21" y="19.12"/>
<line x="13.21" y="22.46"/>
<line x="4.97" y="22.46"/>
<line x="4.97" y="19.12"/>
<close/>
<move x="13.23" y="24.87"/>
<line x="13.23" y="28.21"/>
<line x="4.99" y="28.21"/>
<line x="4.99" y="24.87"/>
<line x="13.23" y="24.87"/>
<close/>
<move x="4.99" y="30.62"/>
<line x="13.23" y="30.62"/>
<line x="13.23" y="33.96"/>
<line x="4.99" y="33.96"/>
<line x="4.99" y="30.62"/>
<close/>
<move x="13.28" y="39.71"/>
<line x="5.04" y="39.71"/>
<line x="5.04" y="36.37"/>
<line x="13.28" y="36.37"/>
<line x="13.28" y="39.71"/>
<close/>
<move x="16.21" y="13.37"/>
<line x="24.45" y="13.37"/>
<line x="24.45" y="16.71"/>
<line x="16.21" y="16.71"/>
<line x="16.21" y="13.37"/>
<close/>
<move x="16.26" y="19.12"/>
<line x="24.5" y="19.12"/>
<line x="24.5" y="22.46"/>
<line x="16.26" y="22.46"/>
<line x="16.26" y="19.12"/>
<close/>
<move x="24.52" y="24.87"/>
<line x="24.52" y="28.21"/>
<line x="16.28" y="28.21"/>
<line x="16.28" y="24.87"/>
<line x="24.52" y="24.87"/>
<close/>
<move x="16.28" y="30.62"/>
<line x="24.52" y="30.62"/>
<line x="24.52" y="33.96"/>
<line x="16.28" y="33.96"/>
<line x="16.28" y="30.62"/>
<close/>
<move x="24.58" y="39.71"/>
<line x="16.33" y="39.71"/>
<line x="16.33" y="36.37"/>
<line x="24.57" y="36.37"/>
<line x="24.57" y="39.71"/>
<close/>
<move x="27.5" y="13.37"/>
<line x="35.74" y="13.37"/>
<line x="35.74" y="16.71"/>
<line x="27.5" y="16.71"/>
<line x="27.5" y="13.37"/>
<close/>
<move x="27.55" y="19.12"/>
<line x="35.8" y="19.12"/>
<line x="35.8" y="22.46"/>
<line x="27.55" y="22.46"/>
<line x="27.55" y="19.12"/>
<close/>
<move x="35.81" y="24.87"/>
<line x="35.81" y="28.21"/>
<line x="27.57" y="28.21"/>
<line x="27.57" y="24.87"/>
<line x="35.81" y="24.87"/>
<close/>
<move x="27.57" y="30.62"/>
<line x="35.81" y="30.62"/>
<line x="35.81" y="33.96"/>
<line x="27.57" y="33.96"/>
<line x="27.57" y="30.62"/>
<close/>
<move x="35.87" y="39.71"/>
<line x="27.62" y="39.71"/>
<line x="27.62" y="36.37"/>
<line x="35.87" y="36.37"/>
<line x="35.87" y="39.71"/>
<close/>
</path>
</background>
<foreground>
<fillstroke/>
</foreground>
</shape>
<shape name="IAM Add on" h="17.27" w="32.46" aspect="variable" strokewidth="inherit">
<connections>
<constraint x="0.27" y="0.035" perimeter="0" name="N"/>
<constraint x="0.27" y="0.955" perimeter="0" name="S"/>
<constraint x="0.03" y="0.5" perimeter="0" name="W"/>
<constraint x="1" y="0.51" perimeter="0" name="E"/>
</connections>
<background>
<path>
<move x="26.79" y="7.8"/>
<line x="25.7" y="7.56"/>
<line x="24.52" y="6.34"/>
<line x="21.44" y="6.63"/>
<line x="20.16" y="4.39"/>
<line x="16.53" y="4.44"/>
<line x="15.69" y="4.4"/>
<curve x1="15.69" y1="4.4" x2="14.96" y2="3.18" x3="13.88" y3="2.37"/>
<line x="13.88" y="2.37"/>
<curve x1="11.02" y1="0.07" x2="6.84" y2="0" x3="3.89" y3="2.42"/>
<curve x1="0.5" y1="5.19" x2="0" y2="10.19" x3="2.78" y3="13.58"/>
<curve x1="2.97" y1="13.82" x2="3.18" y2="14.05" x3="3.4" y3="14.26"/>
<curve x1="6.26" y1="17.02" x2="10.79" y2="17.27" x3="13.93" y3="14.69"/>
<curve x1="14.35" y1="14.37" x2="14.7" y2="14" x3="15" y3="13.63"/>
<curve x1="15.32" y1="13.24" x2="15.6" y2="12.83" x3="15.84" y3="12.4"/>
<line x="15.82" y="12.4"/>
<curve x1="16.09" y1="11.91" x2="16.24" y2="11.55" x3="16.28" y3="11.45"/>
<line x="31.16" y="11.24"/>
<line x="32.46" y="8.81"/>
<line x="29.6" y="6.1"/>
<line x="26.79" y="7.8"/>
<close/>
<move x="5.43" y="10.52"/>
<curve x1="4.28" y1="10.53" x2="3.34" y2="9.61" x3="3.32" y3="8.46"/>
<curve x1="3.3" y1="7.31" x2="4.22" y2="6.37" x3="5.37" y3="6.35"/>
<curve x1="6.52" y1="6.34" x2="7.47" y2="7.26" x3="7.48" y3="8.41"/>
<curve x1="7.5" y1="9.55" x2="6.58" y2="10.5" x3="5.43" y3="10.52"/>
<close/>
</path>
</background>
<foreground>
<fillstroke/>
</foreground>
</shape>
<shape name="Internet" h="41.32" w="66.26" aspect="variable" strokewidth="inherit">
<connections>
<constraint x="0.37" y="0" perimeter="0" name="N"/>
<constraint x="0.5" y="1" perimeter="0" name="S"/>
<constraint x="0" y="0.7" perimeter="0" name="W"/>
<constraint x="1" y="0.7" perimeter="0" name="E"/>
<constraint x="0.16" y="0.21" perimeter="0" name="NW"/>
<constraint x="0.2" y="1" perimeter="0" name="SW"/>
<constraint x="0.77" y="0.25" perimeter="0" name="NE"/>
<constraint x="0.8" y="1" perimeter="0" name="SE"/>
</connections>
<background>
<path>
<move x="8.59" y="17.43"/>
<curve x1="8.58" y1="17.26" x2="8.56" y2="17.1" x3="8.56" y3="16.94"/>
<curve x1="8.56" y1="7.58" x2="16.14" y2="0" x3="25.5" y3="0"/>
<curve x1="32.39" y1="0" x2="38.3" y2="4.12" x3="40.95" y3="10.02"/>
<curve x1="42.34" y1="9.07" x2="44.01" y2="8.51" x3="45.81" y3="8.51"/>
<curve x1="50.46" y1="8.51" x2="54.24" y2="12.21" x3="54.39" y3="16.82"/>
<curve x1="61.07" y1="17.39" x2="66.26" y2="23.87" x3="66.26" y3="29.04"/>
<line x="66.26" y="30.15"/>
<curve x1="66.26" y1="35.7" x2="60.26" y2="41.32" x3="52.86" y3="41.32"/>
<line x="13.4" y="41.32"/>
<curve x1="6" y1="41.32" x2="0" y2="35.7" x3="0" y3="30.15"/>
<line x="0" y="29.04"/>
<curve x1="0" y1="24.76" x2="3.57" y2="18.88" x3="8.59" y3="17.43"/>
<close/>
</path>
</background>
<foreground>
<fillstroke/>
</foreground>
</shape>
<shape name="Mobile Client" h="51.88" w="35" aspect="variable" strokewidth="inherit">
<connections>
<constraint x="0.5" y="0" perimeter="0" name="N"/>
<constraint x="0.5" y="1" perimeter="0" name="S"/>
<constraint x="0" y="0.5" perimeter="0" name="W"/>
<constraint x="1" y="0.5" perimeter="0" name="E"/>
<constraint x="0.02" y="0.02" perimeter="0" name="NW"/>
<constraint x="0.02" y="0.98" perimeter="0" name="SW"/>
<constraint x="0.98" y="0.02" perimeter="0" name="NE"/>
<constraint x="0.98" y="0.98" perimeter="0" name="SE"/>
</connections>
<background>
<path>
<move x="32" y="0"/>
<line x="3" y="0"/>
<curve x1="1.34" y1="0" x2="0" y2="1.34" x3="0" y3="3"/>
<line x="0" y="48.88"/>
<curve x1="0" y1="50.54" x2="1.34" y2="51.88" x3="3" y3="51.88"/>
<line x="32" y="51.88"/>
<curve x1="33.66" y1="51.88" x2="35" y2="50.54" x3="35" y3="48.88"/>
<line x="35" y="3"/>
<curve x1="35" y1="1.34" x2="33.66" y2="0" x3="32" y3="0"/>
<close/>
<move x="8.78" y="3.36"/>
<line x="26.22" y="3.36"/>
<curve x1="27.3" y1="3.36" x2="28.18" y2="4.24" x3="28.18" y3="5.32"/>
<curve x1="28.18" y1="6.4" x2="27.3" y2="7.28" x3="26.22" y3="7.28"/>
<line x="8.78" y="7.28"/>
<curve x1="7.7" y1="7.28" x2="6.82" y2="6.4" x3="6.82" y3="5.32"/>
<curve x1="6.82" y1="4.24" x2="7.7" y2="3.36" x3="8.78" y3="3.36"/>
<close/>
<move x="17.5" y="50.53"/>
<curve x1="15.61" y1="50.53" x2="14.08" y2="49" x3="14.08" y3="47.11"/>
<curve x1="14.08" y1="45.22" x2="15.61" y2="43.69" x3="17.5" y3="43.69"/>
<curve x1="19.39" y1="43.69" x2="20.92" y2="45.22" x3="20.92" y3="47.11"/>
<curve x1="20.92" y1="49" x2="19.39" y2="50.53" x3="17.5" y3="50.53"/>
<close/>
<move x="31.62" y="39.59"/>
<curve x1="31.62" y1="40.58" x2="30.73" y2="41.38" x3="29.62" y3="41.38"/>
<line x="5.38" y="41.38"/>
<curve x1="4.27" y1="41.38" x2="3.38" y2="40.58" x3="3.38" y3="39.59"/>
<line x="3.38" y="12.31"/>
<curve x1="3.38" y1="11.32" x2="4.27" y2="10.51" x3="5.38" y3="10.51"/>
<line x="29.62" y="10.51"/>
<curve x1="30.73" y1="10.51" x2="31.62" y2="11.32" x3="31.62" y3="12.31"/>
<line x="31.62" y="39.59"/>
<close/>
</path>
</background>
<foreground>
<fillstroke/>
</foreground>
</shape>
<shape name="Multimedia" h="47.91" w="51.64" aspect="variable" strokewidth="inherit">
<connections>
<constraint x="0.5" y="0" perimeter="0" name="N"/>
<constraint x="0.5" y="1" perimeter="0" name="S"/>
<constraint x="0" y="0.5" perimeter="0" name="W"/>
<constraint x="1" y="0.5" perimeter="0" name="E"/>
<constraint x="0.02" y="0.02" perimeter="0" name="NW"/>
<constraint x="0.02" y="0.98" perimeter="0" name="SW"/>
<constraint x="0.98" y="0.02" perimeter="0" name="NE"/>
<constraint x="0.98" y="0.98" perimeter="0" name="SE"/>
</connections>
<background>
<path>
<move x="48.16" y="0"/>
<line x="3.48" y="0"/>
<curve x1="1.56" y1="0" x2="0" y2="1.56" x3="0" y3="3.48"/>
<line x="0" y="44.42"/>
<curve x1="0" y1="46.34" x2="1.56" y2="47.91" x3="3.48" y3="47.91"/>
<line x="48.16" y="47.91"/>
<curve x1="50.08" y1="47.91" x2="51.64" y2="46.34" x3="51.64" y3="44.42"/>
<line x="51.64" y="3.48"/>
<curve x1="51.64" y1="1.56" x2="50.08" y2="0" x3="48.16" y3="0"/>
<close/>
<move x="40.32" y="4.07"/>
<curve x1="40.32" y1="3.27" x2="40.96" y2="2.62" x3="41.76" y3="2.62"/>
<line x="47.32" y="2.62"/>
<curve x1="48.12" y1="2.62" x2="48.77" y2="3.27" x3="48.77" y3="4.07"/>
<line x="48.77" y="6.39"/>
<curve x1="48.77" y1="7.19" x2="48.12" y2="7.84" x3="47.32" y3="7.84"/>
<line x="41.76" y="7.84"/>
<curve x1="40.96" y1="7.84" x2="40.32" y2="7.19" x3="40.32" y3="6.39"/>
<line x="40.32" y="4.07"/>
<close/>
<move x="27.84" y="4.07"/>
<curve x1="27.84" y1="3.27" x2="28.48" y2="2.62" x3="29.28" y3="2.62"/>
<line x="34.84" y="2.62"/>
<curve x1="35.64" y1="2.62" x2="36.29" y2="3.27" x3="36.29" y3="4.07"/>
<line x="36.29" y="6.39"/>
<curve x1="36.29" y1="7.19" x2="35.64" y2="7.84" x3="34.84" y3="7.84"/>
<line x="29.28" y="7.84"/>
<curve x1="28.48" y1="7.84" x2="27.84" y2="7.19" x3="27.84" y3="6.39"/>
<line x="27.84" y="4.07"/>
<close/>
<move x="15.36" y="4.07"/>
<curve x1="15.36" y1="3.27" x2="16" y2="2.62" x3="16.8" y3="2.62"/>
<line x="22.36" y="2.62"/>
<curve x1="23.16" y1="2.62" x2="23.81" y2="3.27" x3="23.81" y3="4.07"/>
<line x="23.81" y="6.39"/>
<curve x1="23.81" y1="7.19" x2="23.16" y2="7.84" x3="22.36" y3="7.84"/>
<line x="16.8" y="7.84"/>
<curve x1="16" y1="7.84" x2="15.36" y2="7.19" x3="15.36" y3="6.39"/>
<line x="15.36" y="4.07"/>
<close/>
<move x="2.87" y="4.07"/>
<curve x1="2.87" y1="3.27" x2="3.52" y2="2.62" x3="4.32" y3="2.62"/>
<line x="9.88" y="2.62"/>
<curve x1="10.68" y1="2.62" x2="11.33" y2="3.27" x3="11.33" y3="4.07"/>
<line x="11.33" y="6.39"/>
<curve x1="11.33" y1="7.19" x2="10.68" y2="7.84" x3="9.88" y3="7.84"/>
<line x="4.32" y="7.84"/>
<curve x1="3.52" y1="7.84" x2="2.87" y2="7.19" x3="2.87" y3="6.39"/>
<line x="2.87" y="4.07"/>
<close/>
<move x="11.33" y="43.87"/>
<curve x1="11.33" y1="44.66" x2="10.68" y2="45.31" x3="9.88" y3="45.31"/>
<line x="4.32" y="45.31"/>
<curve x1="3.52" y1="45.31" x2="2.87" y2="44.66" x3="2.87" y3="43.87"/>
<line x="2.87" y="41.55"/>
<curve x1="2.87" y1="40.75" x2="3.52" y2="40.1" x3="4.32" y3="40.1"/>
<line x="9.88" y="40.1"/>
<curve x1="10.68" y1="40.1" x2="11.33" y2="40.75" x3="11.33" y3="41.55"/>
<line x="11.33" y="43.87"/>
<close/>
<move x="23.81" y="43.87"/>
<curve x1="23.81" y1="44.66" x2="23.16" y2="45.31" x3="22.36" y3="45.31"/>
<line x="16.8" y="45.31"/>
<curve x1="16" y1="45.31" x2="15.36" y2="44.66" x3="15.36" y3="43.87"/>
<line x="15.36" y="41.55"/>
<curve x1="15.36" y1="40.75" x2="16" y2="40.1" x3="16.8" y3="40.1"/>
<line x="22.36" y="40.1"/>
<curve x1="23.16" y1="40.1" x2="23.81" y2="40.75" x3="23.81" y3="41.55"/>
<line x="23.81" y="43.87"/>
<close/>
<move x="36.29" y="43.87"/>
<curve x1="36.29" y1="44.66" x2="35.64" y2="45.31" x3="34.84" y3="45.31"/>
<line x="29.28" y="45.31"/>
<curve x1="28.48" y1="45.31" x2="27.84" y2="44.66" x3="27.84" y3="43.87"/>
<line x="27.84" y="41.55"/>
<curve x1="27.84" y1="40.75" x2="28.48" y2="40.1" x3="29.28" y3="40.1"/>
<line x="34.84" y="40.1"/>
<curve x1="35.64" y1="40.1" x2="36.29" y2="40.75" x3="36.29" y3="41.55"/>
<line x="36.29" y="43.87"/>
<close/>
<move x="48.77" y="43.87"/>
<curve x1="48.77" y1="44.66" x2="48.12" y2="45.31" x3="47.32" y3="45.31"/>
<line x="41.76" y="45.31"/>
<curve x1="40.96" y1="45.31" x2="40.31" y2="44.66" x3="40.31" y3="43.87"/>
<line x="40.31" y="41.55"/>
<curve x1="40.31" y1="40.75" x2="40.96" y2="40.1" x3="41.76" y3="40.1"/>
<line x="47.32" y="40.1"/>
<curve x1="48.12" y1="40.1" x2="48.77" y2="40.75" x3="48.77" y3="41.55"/>
<line x="48.77" y="43.87"/>
<close/>
<move x="48.04" y="37.76"/>
<line x="3.45" y="37.76"/>
<curve x1="3.02" y1="37.76" x2="2.68" y2="37.41" x3="2.68" y3="36.99"/>
<curve x1="2.68" y1="36.56" x2="3.02" y2="36.21" x3="3.45" y3="36.21"/>
<line x="48.04" y="36.21"/>
<curve x1="48.47" y1="36.21" x2="48.82" y2="36.56" x3="48.82" y3="36.99"/>
<curve x1="48.82" y1="37.41" x2="48.47" y2="37.76" x3="48.04" y3="37.76"/>
<close/>
<move x="18.85" y="23.18"/>
<curve x1="19.21" y1="19.92" x2="21.79" y2="17.35" x3="25.05" y3="16.99"/>
<line x="25.05" y="23.18"/>
<line x="18.85" y="23.18"/>
<close/>
<move x="25.05" y="24.73"/>
<line x="25.05" y="30.92"/>
<curve x1="21.78" y1="30.56" x2="19.21" y2="27.99" x3="18.85" y3="24.73"/>
<line x="25.05" y="24.73"/>
<close/>
<move x="17.26" y="23.18"/>
<line x="15.93" y="23.18"/>
<curve x1="16.3" y1="18.31" x2="20.18" y2="14.44" x3="25.05" y3="14.06"/>
<line x="25.05" y="15.39"/>
<curve x1="20.91" y1="15.77" x2="17.63" y2="19.04" x3="17.26" y3="23.18"/>
<close/>
<move x="17.26" y="24.73"/>
<curve x1="17.63" y1="28.87" x2="20.91" y2="32.14" x3="25.05" y3="32.52"/>
<line x="25.05" y="33.85"/>
<curve x1="20.18" y1="33.47" x2="16.3" y2="29.6" x3="15.93" y3="24.73"/>
<line x="17.26" y="24.73"/>
<close/>
<move x="32.79" y="23.18"/>
<line x="26.6" y="23.18"/>
<line x="26.6" y="16.99"/>
<curve x1="29.86" y1="17.35" x2="32.43" y2="19.92" x3="32.79" y3="23.18"/>
<close/>
<move x="26.6" y="15.39"/>
<line x="26.6" y="14.06"/>
<curve x1="31.46" y1="14.43" x2="35.34" y2="18.31" x3="35.72" y3="23.18"/>
<line x="34.39" y="23.18"/>
<curve x1="34.02" y1="19.04" x2="30.74" y2="15.76" x3="26.6" y3="15.39"/>
<close/>
<move x="32.79" y="24.73"/>
<curve x1="32.44" y1="27.99" x2="29.86" y2="30.56" x3="26.6" y3="30.92"/>
<line x="26.6" y="24.73"/>
<line x="32.79" y="24.73"/>
<close/>
<move x="34.39" y="24.73"/>
<line x="35.72" y="24.73"/>
<curve x1="35.34" y1="29.6" x2="31.46" y2="33.47" x3="26.6" y3="33.85"/>
<line x="26.6" y="32.52"/>
<curve x1="30.74" y1="32.14" x2="34.02" y2="28.87" x3="34.39" y3="24.73"/>
<close/>
<move x="48.04" y="11.45"/>
<line x="3.45" y="11.45"/>
<curve x1="3.02" y1="11.45" x2="2.68" y2="11.11" x3="2.68" y3="10.68"/>
<curve x1="2.68" y1="10.25" x2="3.02" y2="9.9" x3="3.45" y3="9.9"/>
<line x="48.04" y="9.9"/>
<curve x1="48.47" y1="9.9" x2="48.82" y2="10.25" x3="48.82" y3="10.68"/>
<curve x1="48.82" y1="11.11" x2="48.47" y2="11.45" x3="48.04" y3="11.45"/>
<close/>
</path>
</background>
<foreground>
<fillstroke/>
</foreground>
</shape>
<shape name="Traditional Server" h="53.76" w="40.78" aspect="variable" strokewidth="inherit">
<connections>
<constraint x="0.5" y="0" perimeter="0" name="N"/>
<constraint x="0.5" y="1" perimeter="0" name="S"/>
<constraint x="0" y="0.5" perimeter="0" name="W"/>
<constraint x="1" y="0.5" perimeter="0" name="E"/>
<constraint x="0.015" y="0.015" perimeter="0" name="NW"/>
<constraint x="0.015" y="0.985" perimeter="0" name="SW"/>
<constraint x="0.985" y="0.015" perimeter="0" name="NE"/>
<constraint x="0.985" y="0.985" perimeter="0" name="SE"/>
</connections>
<background>
<path>
<move x="37.78" y="0"/>
<line x="3" y="0"/>
<curve x1="1.34" y1="0" x2="0" y2="1.34" x3="0" y3="3"/>
<line x="0" y="50.76"/>
<curve x1="0" y1="52.41" x2="1.34" y2="53.76" x3="3" y3="53.76"/>
<line x="37.78" y="53.76"/>
<curve x1="39.44" y1="53.76" x2="40.78" y2="52.41" x3="40.78" y3="50.76"/>
<line x="40.78" y="3"/>
<curve x1="40.78" y1="1.34" x2="39.44" y2="0" x3="37.78" y3="0"/>
<close/>
<move x="34.51" y="22.52"/>
<line x="6.28" y="22.52"/>
<line x="6.28" y="19.19"/>
<line x="34.51" y="19.19"/>
<line x="34.51" y="22.52"/>
<close/>
<move x="34.51" y="16.87"/>
<line x="6.28" y="16.87"/>
<line x="6.28" y="13.53"/>
<line x="34.51" y="13.53"/>
<line x="34.51" y="16.87"/>
<close/>
<move x="34.51" y="10.95"/>
<line x="6.28" y="10.95"/>
<line x="6.28" y="7.62"/>
<line x="34.51" y="7.62"/>
<line x="34.51" y="10.95"/>
<close/>
</path>
</background>
<foreground>
<fillstroke/>
</foreground>
</shape>
<shape name="User" h="61.03" w="45.77" aspect="variable" strokewidth="inherit">
<connections>
<constraint x="0.5" y="0" perimeter="0" name="N"/>
<constraint x="0.5" y="1" perimeter="0" name="S"/>
<constraint x="0" y="0.7" perimeter="0" name="W"/>
<constraint x="1" y="0.7" perimeter="0" name="E"/>
<constraint x="0" y="1" perimeter="0" name="SW"/>
<constraint x="1" y="1" perimeter="0" name="SE"/>
</connections>
<foreground>
<path>
<move x="36.25" y="13.34"/>
<curve x1="36.25" y1="5.98" x2="30.26" y2="0" x3="22.89" y3="0"/>
<curve x1="15.51" y1="0" x2="9.55" y2="5.98" x3="9.55" y3="13.34"/>
<curve x1="9.55" y1="20.72" x2="15.51" y2="26.7" x3="22.89" y3="26.7"/>
<curve x1="30.26" y1="26.7" x2="36.25" y2="20.72" x3="36.25" y3="13.34"/>
<close/>
</path>
<fillstroke/>
<path>
<move x="30.52" y="30.51"/>
<line x="15.26" y="30.51"/>
<curve x1="6.83" y1="30.51" x2="0" y2="35.66" x3="0" y3="44.08"/>
<line x="0" y="61.03"/>
<line x="9.12" y="61.03"/>
<line x="9.12" y="49.14"/>
<line x="10.62" y="49.14"/>
<line x="10.62" y="61.03"/>
<line x="35.5" y="61.03"/>
<line x="35.5" y="49.14"/>
<line x="37" y="49.14"/>
<line x="37" y="61.03"/>
<line x="45.77" y="61.03"/>
<line x="45.77" y="44.08"/>
<curve x1="45.77" y1="35.66" x2="38.94" y2="30.51" x3="30.52" y3="30.51"/>
<close/>
</path>
<fillstroke/>
</foreground>
</shape>
<shape name="Users" h="57.24" w="65.47" aspect="variable" strokewidth="inherit">
<connections>
<constraint x="0.5" y="0.225" perimeter="0" name="N"/>
<constraint x="0.5" y="1" perimeter="0" name="S"/>
<constraint x="0" y="0.55" perimeter="0" name="W"/>
<constraint x="1" y="0.55" perimeter="0" name="E"/>
<constraint x="0.24" y="0" perimeter="0" name="NW"/>
<constraint x="0.76" y="0" perimeter="0" name="NE"/>
</connections>
<foreground>
<path>
<move x="49.59" y="18.27"/>
<curve x1="54.48" y1="18.27" x2="58.46" y2="14.17" x3="58.46" y3="9.13"/>
<curve x1="58.46" y1="4.1" x2="54.48" y2="0" x3="49.59" y3="0"/>
<curve x1="44.7" y1="0" x2="40.73" y2="4.1" x3="40.73" y3="9.13"/>
<curve x1="40.73" y1="14.17" x2="44.7" y2="18.27" x3="49.59" y3="18.27"/>
<close/>
</path>
<fillstroke/>
<path>
<move x="55.2" y="23.09"/>
<line x="43.97" y="23.09"/>
<curve x1="43.8" y1="23.09" x2="43.65" y2="23.1" x3="43.49" y3="23.11"/>
<curve x1="43.03" y1="28.43" x2="38.89" y2="32.67" x3="33.7" y3="33.14"/>
<line x="33.7" y="34.15"/>
<line x="38.35" y="34.15"/>
<curve x1="45.12" y1="34.15" x2="49.96" y2="38.25" x3="50.5" y3="44.25"/>
<line x="58.7" y="44.25"/>
<line x="58.7" y="36.22"/>
<line x="60.15" y="36.22"/>
<line x="60.15" y="44.25"/>
<line x="65.47" y="44.25"/>
<line x="65.47" y="32.39"/>
<curve x1="65.47" y1="26.91" x2="61.25" y2="23.09" x3="55.2" y3="23.09"/>
<close/>
</path>
<fillstroke/>
<path>
<move x="15.88" y="0"/>
<curve x1="11" y1="0" x2="7.03" y2="4.1" x3="7.03" y3="9.13"/>
<curve x1="7.03" y1="14.17" x2="11" y2="18.28" x3="15.88" y3="18.28"/>
<curve x1="20.78" y1="18.28" x2="24.75" y2="14.17" x3="24.75" y3="9.13"/>
<curve x1="24.75" y1="4.1" x2="20.78" y2="0" x3="15.88" y3="0"/>
<close/>
</path>
<fillstroke/>
<path>
<move x="14.97" y="44.25"/>
<curve x1="15.51" y1="38.25" x2="20.35" y2="34.15" x3="27.12" y3="34.15"/>
<line x="31.77" y="34.15"/>
<line x="31.77" y="33.14"/>
<curve x1="26.59" y1="32.67" x2="22.46" y2="28.43" x3="22" y3="23.11"/>
<curve x1="21.83" y1="23.11" x2="21.67" y2="23.09" x3="21.5" y3="23.09"/>
<line x="10.27" y="23.09"/>
<curve x1="4.22" y1="23.09" x2="0" y2="26.91" x3="0" y3="32.39"/>
<line x="0" y="44.25"/>
<line x="5.58" y="44.25"/>
<line x="5.58" y="36.22"/>
<line x="7.03" y="36.22"/>
<line x="7.03" y="44.25"/>
<line x="14.97" y="44.25"/>
<close/>
</path>
<fillstroke/>
<path>
<move x="32.73" y="31.26"/>
<curve x1="37.63" y1="31.26" x2="41.6" y2="27.16" x3="41.6" y3="22.12"/>
<curve x1="41.6" y1="17.09" x2="37.63" y2="12.99" x3="32.73" y3="12.99"/>
<curve x1="27.85" y1="12.99" x2="23.88" y2="17.09" x3="23.88" y3="22.12"/>
<curve x1="23.88" y1="27.16" x2="27.85" y2="31.26" x3="32.73" y3="31.26"/>
<close/>
</path>
<fillstroke/>
<path>
<move x="38.35" y="36.08"/>
<line x="27.12" y="36.08"/>
<curve x1="21.07" y1="36.08" x2="16.85" y2="39.9" x3="16.85" y3="45.38"/>
<line x="16.85" y="57.24"/>
<line x="22.43" y="57.24"/>
<line x="22.43" y="49.21"/>
<line x="23.88" y="49.21"/>
<line x="23.88" y="57.24"/>
<line x="41.85" y="57.24"/>
<line x="41.85" y="49.21"/>
<line x="43.29" y="49.21"/>
<line x="43.29" y="57.24"/>
<line x="48.62" y="57.24"/>
<line x="48.62" y="45.38"/>
<curve x1="48.62" y1="39.9" x2="44.4" y2="36.08" x3="38.35" y3="36.08"/>
<close/>
</path>
<fillstroke/>
</foreground>
</shape>
</shapes>