<shapes name="mxGraph.lean_mapping">
<shape name="Boat Shipment" h="97" w="96" aspect="variable" strokewidth="inherit">
<connections>
<constraint x="0.5" y="0" perimeter="0" name="N"/>
<constraint x="0.5" y="1" perimeter="0" name="S"/>
<constraint x="0" y="0.8" perimeter="0" name="W"/>
<constraint x="1" y="0.8" perimeter="0" name="E"/>
</connections>
<foreground>
<path>
<move x="18" y="97"/>
<line x="0" y="78"/>
<line x="96" y="78"/>
<line x="78" y="97"/>
<close/>
</path>
<fillstroke/>
<path>
<move x="13" y="75"/>
<line x="48" y="0"/>
<line x="83" y="75"/>
<close/>
</path>
<fillstroke/>
</foreground>
</shape>
<shape name="Buffer or Safety Stock" h="98" w="40" aspect="variable" strokewidth="inherit">
<connections>
<constraint x="0.5" y="0" perimeter="0" name="N"/>
<constraint x="0.5" y="1" perimeter="0" name="S"/>
<constraint x="0" y="0.5" perimeter="0" name="W"/>
<constraint x="1" y="0.5" perimeter="0" name="E"/>
<constraint x="0" y="0" perimeter="0" name="NW"/>
<constraint x="0" y="1" perimeter="0" name="SW"/>
<constraint x="1" y="0" perimeter="0" name="NE"/>
<constraint x="1" y="1" perimeter="0" name="SE"/>
</connections>
<background>
<rect x="0" y="0" w="40" h="98"/>
</background>
<foreground>
<fillstroke/>
<path>
<move x="0" y="33"/>
<line x="40" y="33"/>
</path>
<stroke/>
<path>
<move x="0" y="65"/>
<line x="40" y="65"/>
</path>
<stroke/>
</foreground>
</shape>
<shape name="Data Box" h="99" w="60" aspect="variable" strokewidth="inherit">
<connections>
<constraint x="0.5" y="0" perimeter="0" name="N"/>
<constraint x="0.5" y="1" perimeter="0" name="S"/>
<constraint x="0" y="0.5" perimeter="0" name="W"/>
<constraint x="1" y="0.5" perimeter="0" name="E"/>
<constraint x="0" y="0" perimeter="0" name="NW"/>
<constraint x="0" y="1" perimeter="0" name="SW"/>
<constraint x="1" y="0" perimeter="0" name="NE"/>
<constraint x="1" y="1" perimeter="0" name="SE"/>
</connections>
<background>
<path>
<move x="0" y="99"/>
<line x="0" y="0"/>
<line x="60" y="0"/>
<line x="60" y="99"/>
</path>
</background>
<foreground>
<fillstroke/>
<path>
<move x="0" y="19"/>
<line x="60" y="19"/>
</path>
<stroke/>
<path>
<move x="0" y="39"/>
<line x="60" y="39"/>
</path>
<stroke/>
<path>
<move x="0" y="59"/>
<line x="60" y="59"/>
</path>
<stroke/>
<path>
<move x="0" y="79"/>
<line x="60" y="79"/>
</path>
<stroke/>
<fontcolor color="#000000"/>
<fontsize size="12"/>
<text str="C/T=25sec" x="30" y="17" align="center" valign="bottom"/>
<text str="C/O=40" x="30" y="37" align="center" valign="bottom"/>
<text str="2 Shifts" x="30" y="57" align="center" valign="bottom"/>
<text str="Takt=1s" x="30" y="77" align="center" valign="bottom"/>
</foreground>
</shape>
<shape name="Electronic Info Flow" h="14" w="99" aspect="variable" strokewidth="inherit">
<connections>
<constraint x="0" y="0.285" perimeter="0" name="W"/>
<constraint x="1" y="0.64" perimeter="0" name="E"/>
</connections>
<foreground>
<save/>
<linejoin join="round"/>
<linecap cap="round"/>
<path>
<move x="99" y="9"/>
<line x="44" y="14"/>
<line x="59" y="4"/>
<line x="11" y="4"/>
</path>
<stroke/>
<restore/>
<linejoin join="miter"/>
<linecap cap="butt"/>
<path>
<move x="0" y="4"/>
<line x="10" y="0"/>
<line x="10" y="8"/>
<close/>
</path>
<fillstroke/>
</foreground>
</shape>
<shape name="FIFO Sequence Flow" h="30" w="100" aspect="variable" strokewidth="inherit">
<connections>
<constraint x="0.05" y="0.5" perimeter="0" name="W"/>
<constraint x="0.98" y="0.5" perimeter="0" name="E"/>
</connections>
<foreground>
<path>
<move x="0" y="0"/>
<line x="100" y="0"/>
</path>
<stroke/>
<path>
<move x="0" y="30"/>
<line x="100" y="30"/>
</path>
<stroke/>
<path>
<move x="5" y="15"/>
<line x="15" y="15"/>
</path>
<stroke/>
<path>
<move x="75" y="15"/>
<line x="87" y="15"/>
</path>
<stroke/>
<fontcolor color="#000000"/>
<fontsize size="14"/>
<text str="FIFO" x="50" y="21" align="center" valign="bottom"/>
<path>
<move x="88" y="11"/>
<line x="98" y="15"/>
<line x="88" y="19"/>
<close/>
</path>
<fillstroke/>
</foreground>
</shape>
<shape name="Finished Goods to Customer" h="30" w="97" aspect="variable" strokewidth="inherit">
<connections>
<constraint x="0" y="0.5" perimeter="0" name="W"/>
<constraint x="1" y="0.5" perimeter="0" name="E"/>
</connections>
<background>
<path>
<move x="0" y="5"/>
<line x="74" y="5"/>
<line x="74" y="0"/>
<line x="97" y="15"/>
<line x="74" y="30"/>
<line x="74" y="25"/>
<line x="0" y="25"/>
<close/>
</path>
</background>
<foreground>
<fillstroke/>
</foreground>
</shape>
<shape name="Go See Production Scheduling" h="59.67" w="92" aspect="variable" strokewidth="inherit">
<connections>
<constraint x="0.35" y="0" perimeter="0" name="NW"/>
<constraint x="0.88" y="0.01" perimeter="0" name="NE"/>
<constraint x="0" y="0.75" perimeter="0" name="W"/>
<constraint x="0.675" y="0.75" perimeter="0" name="E"/>
<constraint x="0.12" y="1" perimeter="0" name="SW"/>
<constraint x="0.55" y="1" perimeter="0" name="SE"/>
</connections>
<foreground>
<path>
<move x="19" y="33.67"/>
<arc rx="17" ry="24" x-axis-rotation="0" large-arc-flag="0" sweep-flag="1" x="43" y="33.67"/>
</path>
<stroke/>
<ellipse x="0" y="29.67" w="22" h="30"/>
<fillstroke/>
<ellipse x="40" y="29.67" w="22" h="30"/>
<fillstroke/>
<path>
<move x="56" y="30.67"/>
<line x="76.12" y="3.57"/>
</path>
<stroke/>
<path>
<move x="76" y="3.67"/>
<arc rx="6.68" ry="8.16" x-axis-rotation="0" large-arc-flag="0" sweep-flag="1" x="86" y="3.67"/>
</path>
<stroke/>
<path>
<move x="85.9" y="3.47"/>
<line x="92" y="15.67"/>
</path>
<stroke/>
<path>
<move x="4.8" y="32.37"/>
<line x="27.2" y="2.67"/>
</path>
<stroke/>
<path>
<move x="27" y="2.9"/>
<arc rx="6.7" ry="8.66" x-axis-rotation="0" large-arc-flag="0" sweep-flag="1" x="37" y="2.9"/>
</path>
<stroke/>
<path>
<move x="36.9" y="2.57"/>
<line x="42.99" y="14.89"/>
</path>
<stroke/>
</foreground>
</shape>
<shape name="Inventory Box" h="80" w="96" aspect="variable" strokewidth="inherit">
<connections>
<constraint x="0.5" y="0" perimeter="0" name="N"/>
<constraint x="0.5" y="1" perimeter="0" name="S"/>
<constraint x="0.245" y="0.5" perimeter="0" name="W"/>
<constraint x="0.755" y="0.5" perimeter="0" name="E"/>
<constraint x="0" y="1" perimeter="0" name="SW"/>
<constraint x="1" y="1" perimeter="0" name="SE"/>
</connections>
<background>
<path>
<move x="0" y="80"/>
<line x="48" y="0"/>
<line x="96" y="80"/>
<close/>
</path>
</background>
<foreground>
<fillstroke/>

<path>
<move x="38" y="40"/>
<line x="58" y="40"/>
</path>
<stroke/>
<strokewidth width="1"/>
<path>
<move x="48" y="40"/>
<line x="48" y="70"/>
</path>
<stroke/>
<strokewidth width="1"/>
<path>
<move x="38" y="70"/>
<line x="58" y="70"/>
</path>
<stroke/>
</foreground>
</shape>
<shape name="Kaizen Lightening Burst" h="40" w="90" aspect="variable" strokewidth="inherit">
<connections>
<constraint x="0.5" y="0.09" perimeter="0" name="N"/>
<constraint x="0.5" y="0.91" perimeter="0" name="S"/>
<constraint x="0" y="0.5" perimeter="0" name="W"/>
<constraint x="1" y="0.5" perimeter="0" name="E"/>
<constraint x="0" y="0" perimeter="0" name="NW"/>
<constraint x="0" y="1" perimeter="0" name="SW"/>
<constraint x="1" y="0" perimeter="0" name="NE"/>
<constraint x="1" y="1" perimeter="0" name="SE"/>
</connections>
<background>
<save/>
<linejoin join="round"/>
<path>
<move x="0" y="0"/>
<arc rx="6" ry="8" x-axis-rotation="0" large-arc-flag="0" sweep-flag="0" x="10" y="0"/>
<arc rx="6" ry="8" x-axis-rotation="0" large-arc-flag="0" sweep-flag="0" x="20" y="0"/>
<arc rx="6" ry="8" x-axis-rotation="0" large-arc-flag="0" sweep-flag="0" x="30" y="0"/>
<arc rx="6" ry="8" x-axis-rotation="0" large-arc-flag="0" sweep-flag="0" x="40" y="0"/>
<arc rx="6" ry="8" x-axis-rotation="0" large-arc-flag="0" sweep-flag="0" x="50" y="0"/>
<arc rx="6" ry="8" x-axis-rotation="0" large-arc-flag="0" sweep-flag="0" x="60" y="0"/>
<arc rx="6" ry="8" x-axis-rotation="0" large-arc-flag="0" sweep-flag="0" x="70" y="0"/>
<arc rx="6" ry="8" x-axis-rotation="0" large-arc-flag="0" sweep-flag="0" x="80" y="0"/>
<arc rx="6" ry="8" x-axis-rotation="0" large-arc-flag="0" sweep-flag="0" x="90" y="0"/>
<arc rx="6" ry="8" x-axis-rotation="0" large-arc-flag="0" sweep-flag="0" x="90" y="10"/>
<arc rx="6" ry="8" x-axis-rotation="0" large-arc-flag="0" sweep-flag="0" x="90" y="20"/>
<arc rx="6" ry="8" x-axis-rotation="0" large-arc-flag="0" sweep-flag="0" x="90" y="30"/>
<arc rx="6" ry="8" x-axis-rotation="0" large-arc-flag="0" sweep-flag="0" x="90" y="40"/>
<arc rx="6" ry="8" x-axis-rotation="0" large-arc-flag="0" sweep-flag="0" x="80" y="40"/>
<arc rx="6" ry="8" x-axis-rotation="0" large-arc-flag="0" sweep-flag="0" x="70" y="40"/>
<arc rx="6" ry="8" x-axis-rotation="0" large-arc-flag="0" sweep-flag="0" x="60" y="40"/>
<arc rx="6" ry="8" x-axis-rotation="0" large-arc-flag="0" sweep-flag="0" x="50" y="40"/>
<arc rx="6" ry="8" x-axis-rotation="0" large-arc-flag="0" sweep-flag="0" x="40" y="40"/>
<arc rx="6" ry="8" x-axis-rotation="0" large-arc-flag="0" sweep-flag="0" x="30" y="40"/>
<arc rx="6" ry="8" x-axis-rotation="0" large-arc-flag="0" sweep-flag="0" x="30" y="40"/>
<arc rx="6" ry="8" x-axis-rotation="0" large-arc-flag="0" sweep-flag="0" x="20" y="40"/>
<arc rx="6" ry="8" x-axis-rotation="0" large-arc-flag="0" sweep-flag="0" x="10" y="40"/>
<arc rx="6" ry="8" x-axis-rotation="0" large-arc-flag="0" sweep-flag="0" x="0" y="40"/>
<arc rx="6" ry="8" x-axis-rotation="0" large-arc-flag="0" sweep-flag="0" x="0" y="30"/>
<arc rx="6" ry="8" x-axis-rotation="0" large-arc-flag="0" sweep-flag="0" x="0" y="20"/>
<arc rx="6" ry="8" x-axis-rotation="0" large-arc-flag="0" sweep-flag="0" x="0" y="10"/>
<arc rx="6" ry="8" x-axis-rotation="0" large-arc-flag="0" sweep-flag="0" x="0" y="0"/>
<close/>
</path>
</background>
<foreground>
<fillstroke/>
<restore/>
<linejoin join="miter"/>
<rect x="11" y="10" w="70" h="20"/>
<stroke/>
</foreground>
</shape>
<shape name="Kanban Post" h="99" w="50" aspect="variable" strokewidth="inherit">
<connections>
<constraint x="0.5" y="0" perimeter="0" name="N"/>
<constraint x="0.5" y="1" perimeter="0" name="S"/>
<constraint x="0" y="0.5" perimeter="0" name="W"/>
<constraint x="1" y="0.5" perimeter="0" name="E"/>
<constraint x="0" y="0" perimeter="0" name="NW"/>
<constraint x="0.1" y="1" perimeter="0" name="SW"/>
<constraint x="1" y="0" perimeter="0" name="NE"/>
<constraint x="0.9" y="1" perimeter="0" name="SE"/>
</connections>
<background>
<path>
<move x="0" y="0"/>
<line x="0" y="55"/>
<line x="50" y="55"/>
<line x="50" y="0"/>
</path>
</background>
<foreground>
<stroke/>
<path>
<move x="25" y="55"/>
<line x="25" y="99"/>
</path>
<stroke/>
<path>
<move x="5" y="99"/>
<line x="45" y="99"/>
</path>
<stroke/>
</foreground>
</shape>
<shape name="Load Leveling" h="30" w="99" aspect="variable" strokewidth="inherit">
<connections>
<constraint x="0.5" y="0" perimeter="0" name="N"/>
<constraint x="0.5" y="1" perimeter="0" name="S"/>
<constraint x="0" y="0.5" perimeter="0" name="W"/>
<constraint x="1" y="0.5" perimeter="0" name="E"/>
<constraint x="0" y="0" perimeter="0" name="NW"/>
<constraint x="0" y="1" perimeter="0" name="SW"/>
<constraint x="1" y="0" perimeter="0" name="NE"/>
<constraint x="1" y="1" perimeter="0" name="SE"/>
</connections>
<background>
<rect x="0" y="0" w="99" h="30"/>
</background>
<foreground>
<fillstroke/>
<ellipse x="6.16" y="5" w="18.34" h="20"/>
<stroke/>
<path>
<move x="29.87" y="3.33"/>
<line x="46.17" y="26.67"/>
</path>
<stroke/>
<path>
<move x="27.83" y="25"/>
<line x="44.33" y="6.67"/>
</path>
<stroke/>
<ellipse x="52.83" y="5" w="18.34" h="20"/>
<stroke/>
<path>
<move x="76.54" y="3.33"/>
<line x="92.83" y="26.67"/>
</path>
<stroke/>
<path>
<move x="74.5" y="25"/>
<line x="91" y="6.67"/>
</path>
<stroke/>
</foreground>
</shape>
<shape name="Manual Info Flow" h="8" w="99" aspect="fixed" strokewidth="inherit">
<connections>
<constraint x="0" y="0.5" perimeter="0" name="W"/>
<constraint x="1" y="0.5" perimeter="0" name="E"/>
</connections>
<background>
<save/>
<linecap cap="round"/>
<path>
<move x="99" y="4"/>
<line x="10" y="4"/>
</path>
</background>
<foreground>
<stroke/>
<restore/>
<linecap cap="butt"/>
<path>
<move x="0" y="4"/>
<line x="10" y="0"/>
<line x="10" y="8"/>
<close/>
</path>
<fillstroke/>
</foreground>
</shape>
<shape name="Manufacturing Process" h="98" w="80" aspect="variable" strokewidth="inherit">
<connections>
<constraint x="0.5" y="0" perimeter="0" name="N"/>
<constraint x="0.5" y="1" perimeter="0" name="S"/>
<constraint x="0" y="0.5" perimeter="0" name="W"/>
<constraint x="1" y="0.5" perimeter="0" name="E"/>
<constraint x="0" y="0" perimeter="0" name="NW"/>
<constraint x="0" y="1" perimeter="0" name="SW"/>
<constraint x="1" y="0" perimeter="0" name="NE"/>
<constraint x="1" y="1" perimeter="0" name="SE"/>
</connections>
<background>
<rect x="0" y="0" w="80" h="98"/>
</background>
<foreground>
<fillstroke/>
<path>
<move x="0" y="39"/>
<line x="80" y="39"/>
</path>
<stroke/>
<fontcolor color="#000000"/>
<fontsize size="12"/>
<text str="Press " x="24.58" y="34" valign="bottom"/>
</foreground>
</shape>
<shape name="Manufacturing Process Shared" h="99" w="80" aspect="variable" strokewidth="inherit">
<connections>
<constraint x="0.5" y="0" perimeter="0" name="N"/>
<constraint x="0.5" y="1" perimeter="0" name="S"/>
<constraint x="0" y="0.5" perimeter="0" name="W"/>
<constraint x="1" y="0.5" perimeter="0" name="E"/>
<constraint x="0" y="0" perimeter="0" name="NW"/>
<constraint x="0" y="1" perimeter="0" name="SW"/>
<constraint x="1" y="0" perimeter="0" name="NE"/>
<constraint x="1" y="1" perimeter="0" name="SE"/>
</connections>
<background>
<save/>
<rect x="0" y="0" w="80" h="99"/>
</background>
<foreground>
<fillstroke/>
<restore/>
<strokewidth width="1"/>
<path>
<move x="3" y="39.5"/>
<line x="77" y="39.5"/>
</path>
<stroke/>
<fontcolor color="#000000"/>
<fontsize size="12"/>
<text str="Heat Treat" x="40" y="34.5" align="center" valign="bottom"/>
<rect x="3" y="3" w="74" h="93"/>
<stroke/>
</foreground>
</shape>
<shape name="Move by Forklift" h="98" w="92" aspect="variable" strokewidth="inherit">
<connections>
<constraint x="0.35" y="0" perimeter="0" name="N"/>
<constraint x="0.47" y="1" perimeter="0" name="S"/>
<constraint x="0" y="0.5" perimeter="0" name="W"/>
<constraint x="1" y="0.7" perimeter="0" name="E"/>
</connections>
<foreground>
<rect x="0" y="44" w="52" h="35"/>
<fillstroke/>
<rect x="52" y="4" w="5" h="75"/>
<fillstroke/>
<ellipse x="0" y="80" w="18" h="18"/>
<fillstroke/>
<ellipse x="34" y="80" w="18" h="18"/>
<fillstroke/>
<save/>
<path>
<move x="57" y="69"/>
<line x="92" y="69"/>
</path>
<stroke/>
<restore/>
<strokewidth width="1"/>
<path>
<move x="0" y="44"/>
<line x="0" y="0"/>
<line x="32" y="0"/>
<line x="52" y="44"/>
</path>
<stroke/>
</foreground>
</shape>
<shape name="MRP ERP" h="98" w="70" aspect="variable" strokewidth="inherit">
<connections>
<constraint x="0.5" y="0" perimeter="0" name="N"/>
<constraint x="0.5" y="1" perimeter="0" name="S"/>
<constraint x="0" y="0.5" perimeter="0" name="W"/>
<constraint x="1" y="0.5" perimeter="0" name="E"/>
<constraint x="0" y="0.1" perimeter="0" name="NW"/>
<constraint x="0" y="0.9" perimeter="0" name="SW"/>
<constraint x="1" y="0.1" perimeter="0" name="NE"/>
<constraint x="1" y="0.9" perimeter="0" name="SE"/>
</connections>
<background>
<path>
<move x="0" y="88"/>
<arc rx="35" ry="10" x-axis-rotation="0" large-arc-flag="1" sweep-flag="0" x="70" y="88"/>
<line x="70" y="10"/>
<line x="0" y="10"/>
</path>
</background>
<foreground>
<fillstroke/>
<ellipse x="0" y="0" w="70" h="20"/>
<fillstroke/>
<path>
<move x="0" y="9"/>
<line x="0" y="89"/>
</path>
<stroke/>
<path>
<move x="70" y="9"/>
<line x="70" y="89"/>
</path>
<stroke/>
</foreground>
</shape>
<shape name="Operator" h="84" w="98" aspect="variable" strokewidth="inherit">
<connections>
<constraint x="0.5" y="0" perimeter="0" name="N"/>
<constraint x="0.5" y="1" perimeter="0" name="S"/>
<constraint x="0" y="0.42" perimeter="0" name="W"/>
<constraint x="1" y="0.42" perimeter="0" name="E"/>
<constraint x="0.195" y="0.195" perimeter="0" name="NW"/>
<constraint x="0.158" y="0.842" perimeter="0" name="SW"/>
<constraint x="0.805" y="0.195" perimeter="0" name="NE"/>
<constraint x="0.842" y="0.842" perimeter="0" name="SE"/>
</connections>
<background>
<ellipse x="14" y="0" w="70" h="70"/>
</background>
<foreground>
<fillstroke/>
<path>
<move x="0" y="35"/>
<arc rx="44.5" ry="44.5" x-axis-rotation="0" large-arc-flag="1" sweep-flag="0" x="98" y="35"/>
</path>
<stroke/>
</foreground>
</shape>
<shape name="Outside Sources" h="96" w="60" aspect="variable" strokewidth="inherit">
<connections>
<constraint x="0.5" y="0.14" perimeter="0" name="N"/>
<constraint x="0.5" y="1" perimeter="0" name="S"/>
<constraint x="0" y="0.5" perimeter="0" name="W"/>
<constraint x="1" y="0.5" perimeter="0" name="E"/>
<constraint x="0" y="0.28" perimeter="0" name="NW"/>
<constraint x="0" y="1" perimeter="0" name="SW"/>
<constraint x="1" y="0" perimeter="0" name="NE"/>
<constraint x="1" y="1" perimeter="0" name="SE"/>
</connections>
<background>
<path>
<move x="0" y="27"/>
<line x="20" y="0"/>
<line x="20" y="27"/>
<line x="40" y="0"/>
<line x="40" y="27"/>
<line x="60" y="0"/>
<line x="60" y="96"/>
<line x="0" y="96"/>
<close/>
</path>
</background>
<foreground>
<fillstroke/>
<fontcolor color="#000000"/>
<fontsize size="12"/>
<text str="XYZ" x="30" y="67" align="center" valign="bottom"/>
<text str="Corp." x="30" y="87" align="center" valign="bottom"/>
</foreground>
</shape>
<shape name="Physical Pull" h="84.44" w="85.9" aspect="variable" strokewidth="inherit">
<connections>
<constraint x="0.5" y="0.035" perimeter="0" name="N"/>
<constraint x="0.5" y="0.99" perimeter="0" name="S"/>
<constraint x="0.04" y="0.5" perimeter="0" name="W"/>
<constraint x="0.985" y="0.5" perimeter="0" name="E"/>
<constraint x="0.175" y="0.175" perimeter="0" name="NW"/>
<constraint x="0.175" y="0.85" perimeter="0" name="SW"/>
<constraint x="0.74" y="0.1" perimeter="0" name="NE"/>
<constraint x="0.835" y="0.85" perimeter="0" name="SE"/>
</connections>
<background>
<path>
<move x="63.9" y="8.77"/>
<arc rx="40" ry="40" x-axis-rotation="0" large-arc-flag="1" sweep-flag="0" x="82.4" y="52.77"/>
</path>
</background>
<foreground>
<stroke/>
<path>
<move x="78.4" y="52.77"/>
<line x="84.4" y="42.77"/>
<line x="85.9" y="54.77"/>
<close/>
</path>
<fillstroke/>
</foreground>
</shape>
<shape name="Production Kanban" h="72" w="94" aspect="variable" strokewidth="inherit">
<connections>
<constraint x="0.5" y="0" perimeter="0" name="N"/>
<constraint x="0.5" y="0.695" perimeter="0" name="S"/>
<constraint x="0.042" y="1" perimeter="0" name="SW"/>
<constraint x="1" y="0.348" perimeter="0" name="E"/>
</connections>
<background>
<path>
<move x="19" y="0"/>
<line x="54" y="0"/>
<line x="69" y="15"/>
<line x="69" y="50"/>
<line x="19" y="50"/>
<close/>
</path>
</background>
<foreground>
<fillstroke/>
<save/>
<dashed dashed="1"/>
<dashpattern pattern="5 5"/>
<path>
<move x="69" y="25"/>
<line x="94" y="25"/>
</path>
<stroke/>
<path>
<move x="19" y="25"/>
<line x="4" y="25"/>
<line x="4" y="62"/>
</path>
<stroke/>
<restore/>
<dashed dashed="0"/>
<path>
<move x="0" y="62.5"/>
<line x="4" y="72"/>
<line x="8" y="62.5"/>
<close/>
</path>
<fillstroke/>
</foreground>
</shape>
<shape name="PUSH Arrow" h="30" w="97" aspect="variable" strokewidth="inherit">
<connections>
<constraint x="0" y="0.5" perimeter="0" name="W"/>
<constraint x="1" y="0.5" perimeter="0" name="E"/>
</connections>
<background>
<path>
<move x="0" y="5"/>
<line x="74" y="5"/>
<line x="74" y="0"/>
<line x="97" y="15"/>
<line x="74" y="30"/>
<line x="74" y="25"/>
<line x="0" y="25"/>
<close/>
</path>
</background>
<foreground>
<fillstroke/>
<rect x="9" y="5" w="10" h="20"/>
<fillstroke/>
<rect x="29" y="5" w="10" h="20"/>
<fillstroke/>
<rect x="49" y="5" w="10" h="20"/>
<fillstroke/>
<path>
<move x="69" y="5"/>
<line x="74" y="5"/>
<line x="74" y="0"/>
<line x="97" y="15"/>
<line x="74" y="30"/>
<line x="74" y="25"/>
<line x="69" y="25"/>
<close/>
</path>
<fillstroke/>
</foreground>
</shape>
<shape name="Quality Problem" h="98" w="80" aspect="variable" strokewidth="inherit">
<connections>
<constraint x="0.5" y="0" perimeter="0" name="N"/>
<constraint x="0.5" y="1" perimeter="0" name="S"/>
<constraint x="0" y="0.5" perimeter="0" name="W"/>
<constraint x="1" y="0.5" perimeter="0" name="E"/>
<constraint x="0.11" y="0.11" perimeter="0" name="NW"/>
<constraint x="0.11" y="0.89" perimeter="0" name="SW"/>
<constraint x="0.89" y="0.11" perimeter="0" name="NE"/>
<constraint x="0.89" y="0.89" perimeter="0" name="SE"/>
</connections>
<background>
<path>
<move x="0" y="19"/>
<line x="20" y="0"/>
<line x="60" y="0"/>
<line x="80" y="19"/>
<line x="80" y="79"/>
<line x="60" y="98"/>
<line x="20" y="98"/>
<line x="0" y="79"/>
<close/>
</path>
</background>
<foreground>
<fillstroke/>
<fontcolor color="#000000"/>
<fontstyle style="1"/>
<fontsize size="35"/>
<text str="Q" x="40" y="74" align="center" valign="bottom"/>
</foreground>
</shape>
<shape name="Schedule" h="40" w="99" aspect="variable" strokewidth="inherit">
<connections>
<constraint x="0.5" y="0" perimeter="0" name="N"/>
<constraint x="0.5" y="1" perimeter="0" name="S"/>
<constraint x="0" y="0.5" perimeter="0" name="W"/>
<constraint x="1" y="0.5" perimeter="0" name="E"/>
<constraint x="0" y="0" perimeter="0" name="NW"/>
<constraint x="0" y="1" perimeter="0" name="SW"/>
<constraint x="1" y="0" perimeter="0" name="NE"/>
<constraint x="1" y="1" perimeter="0" name="SE"/>
</connections>
<background>
<rect x="0" y="0" w="99" h="40"/>
</background>
<foreground>
<fillstroke/>
<fontcolor color="#000000"/>
<fontsize size="12"/>
<text str="Weekly Schedule" x="49.5" y="25" align="center" valign="bottom"/>
</foreground>
</shape>
<shape name="Sequenced Pull Ball" h="98" w="98" aspect="variable" strokewidth="inherit">
<connections>
<constraint x="0.5" y="0" perimeter="0" name="N"/>
<constraint x="0.5" y="1" perimeter="0" name="S"/>
<constraint x="0" y="0.5" perimeter="0" name="W"/>
<constraint x="1" y="0.5" perimeter="0" name="E"/>
<constraint x="0.145" y="0.145" perimeter="0" name="NW"/>
<constraint x="0.145" y="0.855" perimeter="0" name="SW"/>
<constraint x="0.855" y="0.145" perimeter="0" name="NE"/>
<constraint x="0.855" y="0.855" perimeter="0" name="SE"/>
</connections>
<background>
<ellipse x="0" y="0" w="98" h="98"/>
</background>
<foreground>
<fillstroke/>
<ellipse x="29" y="29" w="40" h="40"/>
<stroke/>
</foreground>
</shape>
<shape name="Signal Kanban" h="96" w="60" aspect="variable" strokewidth="inherit">
<connections>
<constraint x="0.5" y="0" perimeter="0" name="N"/>
<constraint x="0.5" y="1" perimeter="0" name="S"/>
<constraint x="0.25" y="0.5" perimeter="0" name="W"/>
<constraint x="0.75" y="0.5" perimeter="0" name="E"/>
<constraint x="0" y="0" perimeter="0" name="NW"/>
<constraint x="1" y="0" perimeter="0" name="NE"/>
</connections>
<background>
<path>
<move x="0" y="0"/>
<line x="30" y="96"/>
<line x="60" y="0"/>
<close/>
</path>
</background>
<foreground>
<fillstroke/>
</foreground>
</shape>
<shape name="Supermarket" h="98" w="40" aspect="variable" strokewidth="inherit">
<connections>
<constraint x="0.5" y="0" perimeter="0" name="N"/>
<constraint x="0.5" y="1" perimeter="0" name="S"/>
<constraint x="0" y="0.5" perimeter="0" name="W"/>
<constraint x="1" y="0.5" perimeter="0" name="E"/>
<constraint x="0" y="0" perimeter="0" name="NW"/>
<constraint x="0" y="1" perimeter="0" name="SW"/>
<constraint x="1" y="0" perimeter="0" name="NE"/>
<constraint x="1" y="1" perimeter="0" name="SE"/>
</connections>
<background>
<path>
<move x="0" y="0"/>
<line x="40" y="0"/>
<line x="40" y="98"/>
<line x="0" y="98"/>
</path>
</background>
<foreground>
<fillstroke/>
<path>
<move x="0" y="19"/>
<line x="40" y="19"/>
</path>
<stroke/>
<path>
<move x="0" y="39"/>
<line x="40" y="39"/>
</path>
<stroke/>
<path>
<move x="0" y="59"/>
<line x="40" y="59"/>
</path>
<stroke/>
<path>
<move x="0" y="79"/>
<line x="40" y="79"/>
</path>
<stroke/>
</foreground>
</shape>
<shape name="Truck Shipment" h="98" w="89" aspect="variable" strokewidth="inherit">
<connections>
<constraint x="0.5" y="0" perimeter="0" name="N"/>
<constraint x="0.5" y="0.81" perimeter="0" name="S"/>
<constraint x="0" y="0.5" perimeter="0" name="W"/>
<constraint x="1" y="0.5" perimeter="0" name="E"/>
<constraint x="0" y="0" perimeter="0" name="NW"/>
<constraint x="0.22" y="1" perimeter="0" name="SW"/>
<constraint x="0.79" y="1" perimeter="0" name="SE"/>
</connections>
<foreground>
<rect x="0" y="0" w="55" h="79"/>
<fillstroke/>
<rect x="55" y="37" w="34" h="42"/>
<fillstroke/>
<ellipse x="11" y="80" w="18" h="18"/>
<fillstroke/>
<ellipse x="61" y="80" w="18" h="18"/>
<fillstroke/>
<fontcolor color="#000000"/>
<fontsize size="12"/>
<text str="2X per" x="28" y="39" align="center" valign="bottom"/>
<text str="Week" x="28" y="59" align="center" valign="bottom"/>
</foreground>
</shape>
<shape name="Verbal" h="99" w="50" aspect="variable" strokewidth="inherit">
<connections>
<constraint x="0.5" y="0" perimeter="0" name="N"/>
<constraint x="0.5" y="1" perimeter="0" name="S"/>
<constraint x="0" y="0.59" perimeter="0" name="W"/>
<constraint x="1" y="0.495" perimeter="0" name="E"/>
<constraint x="0" y="1" perimeter="0" name="SW"/>
<constraint x="1" y="1" perimeter="0" name="SE"/>
</connections>
<background>
<ellipse x="5" y="0" w="40" h="40"/>
</background>
<foreground>
<fillstroke/>
<ellipse x="14" y="10" w="8" h="8"/>
<fillstroke/>
<ellipse x="28" y="10" w="8" h="8"/>
<fillstroke/>
<ellipse x="15" y="24" w="20" h="10"/>
<fillstroke/>
<path>
<move x="25" y="40"/>
<line x="25" y="69"/>
</path>
<stroke/>
<path>
<move x="0" y="99"/>
<line x="25" y="69"/>
<line x="50" y="99"/>
</path>
<stroke/>
<path>
<move x="0" y="59"/>
<line x="5" y="54"/>
<line x="45" y="54"/>
<line x="50" y="49"/>
</path>
<stroke/>
</foreground>
</shape>
<shape name="Withdrawal Kanban" h="72" w="94" aspect="variable" strokewidth="inherit">
<connections>
<constraint x="0.5" y="0" perimeter="0" name="N"/>
<constraint x="0.5" y="0.695" perimeter="0" name="S"/>
<constraint x="0.042" y="1" perimeter="0" name="SW"/>
<constraint x="1" y="0.348" perimeter="0" name="E"/>
</connections>
<background>
<path>
<move x="19" y="0"/>
<line x="54" y="0"/>
<line x="69" y="15"/>
<line x="69" y="50"/>
<line x="19" y="50"/>
<close/>
</path>
</background>
<foreground>
<fillstroke/>
<path>
<move x="19" y="45"/>
<line x="24" y="50"/>
</path>
<stroke/>
<path>
<move x="19" y="35"/>
<line x="34" y="50"/>
</path>
<stroke/>
<path>
<move x="19" y="25"/>
<line x="44" y="50"/>
</path>
<stroke/>
<path>
<move x="19" y="15"/>
<line x="54" y="50"/>
</path>
<stroke/>
<path>
<move x="19" y="5"/>
<line x="64" y="50"/>
</path>
<stroke/>
<path>
<move x="24" y="0"/>
<line x="69" y="45"/>
</path>
<stroke/>
<path>
<move x="34" y="0"/>
<line x="69" y="35"/>
</path>
<stroke/>
<path>
<move x="44" y="0"/>
<line x="69" y="25"/>
</path>
<stroke/>
<save/>
<dashed dashed="1"/>
<dashpattern pattern="5 5"/>
<path>
<move x="69" y="25"/>
<line x="94" y="25"/>
</path>
<stroke/>
<path>
<move x="19" y="25"/>
<line x="4" y="25"/>
<line x="4" y="62"/>
</path>
<stroke/>
<restore/>
<dashed dashed="0"/>
<path>
<move x="0" y="62.5"/>
<line x="4" y="72"/>
<line x="8" y="62.5"/>
<close/>
</path>
<fillstroke/>
</foreground>
</shape>
<shape name="Work Cell" h="80" w="98" aspect="variable" strokewidth="inherit">
<connections>
<constraint x="0.5" y="0" perimeter="0" name="N"/>
<constraint x="0.5" y="1" perimeter="0" name="S"/>
<constraint x="0" y="0.5" perimeter="0" name="W"/>
<constraint x="1" y="0.5" perimeter="0" name="E"/>
<constraint x="0" y="0" perimeter="0" name="NW"/>
<constraint x="0" y="1" perimeter="0" name="SW"/>
<constraint x="1" y="0" perimeter="0" name="NE"/>
<constraint x="1" y="1" perimeter="0" name="SE"/>
</connections>
<background>
<path>
<move x="0" y="80"/>
<line x="0" y="0"/>
<line x="98" y="0"/>
<line x="98" y="80"/>
<line x="64" y="80"/>
<line x="64" y="40"/>
<line x="34" y="40"/>
<line x="34" y="80"/>
<close/>
</path>
</background>
<foreground>
<fillstroke/>
</foreground>
</shape>
</shapes>