<shapes name="mxgraph.mockup.misc">
    <shape name="Critical Icon" h="32" w="32" aspect="1">
        <foreground>
            <strokecolor color="#000000"/>
            <strokecolor color="#000000"/>
            <fillcolor color="#ff0000"/>
            <ellipse x="0" y="0" w="32" h="32"/>
            <fillstroke/>
            <strokecolor color="#ffffff"/>
            <strokewidth width="3"/>
            <fillcolor color="none"/>
            <path>
                <move x="8" y="24"/>
                <line x="24" y="8"/>
            </path>
            <stroke/>
            <path>
                <move x="8" y="8"/>
                <line x="24" y="24"/>
            </path>
            <stroke/>
        </foreground>
    </shape>
    <shape name="Cursor Arrow" h="29" w="18.5" aspect="1">
        <foreground>
            <strokecolor color="#000000"/>
            <fillcolor color="#ffffff"/>
            <path>
                <move x="0" y="26"/>
                <line x="0" y="0"/>
                <line x="18.5" y="19"/>
                <line x="10" y="19"/>
                <line x="14.5" y="27.5"/>
                <line x="11.5" y="29"/>
                <line x="6.5" y="20.5"/>
                <close/>
            </path>
            <fillstroke/>
        </foreground>
    </shape>
    <shape name="Cursor Hand" h="33.25" w="23.892013549804688" aspect="1">
        <foreground>
            <strokecolor color="#000000"/>
            <fillcolor color="#ffffff"/>
            <linejoin join="round"/>
            <path>
                <move x="7.3920135498046875" y="33.25"/>
                <arc rx="20" ry="20" x-axis-rotation="0" large-arc-flag="0" sweep-flag="0" x="5.3920135498046875" y="25.25"/>
                <arc rx="40" ry="40" x-axis-rotation="0" large-arc-flag="0" sweep-flag="0" x="0.3920135498046875" y="17.25"/>
                <arc rx="2" ry="2" x-axis-rotation="0" large-arc-flag="0" sweep-flag="1" x="2.3920135498046875" y="14.25"/>
                <arc rx="10" ry="10" x-axis-rotation="0" large-arc-flag="0" sweep-flag="1" x="5.8920135498046875" y="17.75"/>
                <line x="5.8920135498046875" y="2.25"/>
                <arc rx="2" ry="2" x-axis-rotation="0" large-arc-flag="0" sweep-flag="1" x="10.392013549804688" y="2.25"/>
                <line x="10.392013549804688" y="14.75"/>
                <line x="10.392013549804688" y="10.25"/>
                <arc rx="2.5" ry="2.5" x-axis-rotation="0" large-arc-flag="0" sweep-flag="1" x="14.892013549804688" y="10.25"/>
                <line x="14.892013549804688" y="14.75"/>
                <line x="14.892013549804688" y="11.25"/>
                <arc rx="2.5" ry="2.5" x-axis-rotation="0" large-arc-flag="0" sweep-flag="1" x="19.392013549804688" y="11.25"/>
                <line x="19.392013549804688" y="16.25"/>
                <line x="19.392013549804688" y="11.75"/>
                <arc rx="5" ry="4" x-axis-rotation="0" large-arc-flag="0" sweep-flag="1" x="23.892013549804688" y="15.25"/>
                <arc rx="50" ry="50" x-axis-rotation="0" large-arc-flag="0" sweep-flag="1" x="21.392013549804688" y="29.25"/>
                <line x="21.392013549804688" y="33.25"/>
                <close/>
            </path>
            <fillstroke/>
        </foreground>
    </shape>
    <shape name="Gear" h="38.79999923706055" w="39" aspect="1">
        <foreground>
            <strokecolor color="#2c457e"/>
            <fillcolor color="#f2f2f2"/>
            <path>
                <move x="20.999999809265137" y="5.099999952316285"/>
                <line x="24.999999809265134" y="-4.7683715642676816E-8"/>
                <line x="29.599999809265135" y="1.7999999523162842"/>
                <line x="28.699999809265137" y="7.799999952316284"/>
                <line x="31.199999809265137" y="10.299999952316284"/>
                <line x="36.999999809265134" y="9.299999952316284"/>
                <line x="38.999999809265134" y="13.799999952316284"/>
                <line x="34.29999980926514" y="17.549999952316284"/>
                <line x="34.29999980926514" y="21.299999952316284"/>
                <line x="38.999999809265134" y="24.499999952316283"/>
                <line x="37.29999980926514" y="29.299999952316284"/>
                <line x="31.499999809265134" y="28.299999952316284"/>
                <line x="28.39999980926514" y="30.999999952316287"/>
                <line x="29.199999809265137" y="36.799999952316284"/>
                <line x="24.499999809265134" y="38.799999952316284"/>
                <line x="21.199999809265137" y="33.59999995231628"/>
                <line x="17.899999809265136" y="33.59999995231628"/>
                <line x="14.599999809265135" y="38.799999952316284"/>
                <line x="9.699999809265137" y="36.799999952316284"/>
                <line x="10.699999809265137" y="30.999999952316287"/>
                <line x="8.199999809265137" y="28.299999952316284"/>
                <line x="2.1999998092651367" y="29.299999952316284"/>
                <line x="-1.9073486257070726E-7" y="24.499999952316283"/>
                <line x="4.999999809265137" y="21.299999952316284"/>
                <line x="4.999999809265137" y="17.549999952316284"/>
                <line x="-1.9073486257070726E-7" y="13.799999952316284"/>
                <line x="2.1999998092651367" y="9.299999952316284"/>
                <line x="8.199999809265137" y="10.299999952316284"/>
                <line x="10.699999809265137" y="7.799999952316284"/>
                <line x="9.699999809265137" y="1.7999999523162842"/>
                <line x="14.599999809265135" y="-4.7683715642676816E-8"/>
                <line x="17.899999809265136" y="5.099999952316285"/>
                <close/>
            </path>
            <fillstroke/>
            <fillcolor color="#ffffff"/>
            <ellipse x="13.449999809265137" y="13.299999952316284" w="12" h="12"/>
            <fillstroke/>
        </foreground>
    </shape>
    <shape name="Help Icon" h="32" w="32" aspect="1">
        <foreground>
            <strokecolor color="#000000"/>
            <strokecolor color="#666666"/>
            <fillcolor color="#cccccc"/>
            <ellipse x="0" y="0" w="32" h="32"/>
            <fillstroke/>
            <fontcolor color="#2c457e"/>
            <fontsize size="20"/>
            <fontstyle style="1"/>
            <text str="?" x="16" y="16" align="center" valign="middle"/>
        </foreground>
    </shape>
    <shape name="Horizontal Splitter" h="24" w="250" aspect="1">
        <foreground>
            <strokecolor color="none"/>
            <fillcolor color="#fafafa"/>
            <rect x="0" y="0" w="250" h="24"/>
            <fillstroke/>
            <strokecolor color="#2c457e"/>
            <fillcolor color="none"/>
            <path>
                <move x="0" y="0"/>
                <line x="250" y="0"/>
            </path>
            <stroke/>
            <path>
                <move x="0" y="24"/>
                <line x="250" y="24"/>
            </path>
            <stroke/>
            <strokecolor color="#000000"/>
            <fillcolor color="#2c457e"/>
            <roundrect x="95" y="5" w="25" h="14" arcsize="16.714285714285715"/>
            <fillstroke/>
            <roundrect x="130" y="5" w="25" h="14" arcsize="16.714285714285715"/>
            <fillstroke/>
            <strokecolor color="#ffffff"/>
            <fillcolor color="#ffffff"/>
            <linejoin join="round"/>
            <path>
                <move x="113" y="15"/>
                <line x="102" y="15"/>
                <line x="107.5" y="8"/>
                <close/>
            </path>
            <fillstroke/>
            <path>
                <move x="148" y="8"/>
                <line x="137" y="8"/>
                <line x="142.5" y="15"/>
                <close/>
            </path>
            <fillstroke/>
        </foreground>
    </shape>
    <shape name="Image Placeholder" h="100" w="100" aspect="1">
        <foreground>
            <strokecolor color="#000000"/>
            <fillcolor color="#ffffff"/>
            <rect x="0" y="0" w="100" h="100"/>
            <fillstroke/>
            <path>
                <move x="0" y="100"/>
                <line x="100" y="0"/>
            </path>
            <stroke/>
            <path>
                <move x="0" y="0"/>
                <line x="100" y="100"/>
            </path>
            <stroke/>
        </foreground>
    </shape>
    <shape name="Information Icon" h="22" w="32" aspect="1">
        <foreground>
            <strokecolor color="#000000"/>
            <fillcolor color="#ffffff"/>
            <miterlimit limit="15"/>
            <path>
                <move x="26" y="15.7"/>
                <arc rx="14.34" ry="8.5" x-axis-rotation="0" large-arc-flag="1" sweep-flag="0" x="22.79" y="17.058152980346676"/>
                <arc rx="11.62" ry="13.51" x-axis-rotation="0" large-arc-flag="0" sweep-flag="0" x="29.37" y="21.48"/>
                <arc rx="8.78" ry="10.2" x-axis-rotation="0" large-arc-flag="0" sweep-flag="1" x="26" y="15.7"/>
                <close/>
            </path>
            <fillstroke/>
            <fontsize size="14"/>
            <fontcolor color="#2c457e"/>
            <fontstyle style="1"/>
            <text str="i" x="14" y="10" valign="middle" halign="center"/>
        </foreground>
    </shape>
    <shape name="Loading Bar 1" h="24" w="250" aspect="1">
        <foreground>
            <strokecolor color="#000000"/>
            <fillcolor color="#fafafa"/>
            <roundrect x="0" y="0" w="250" h="24" arcsize="11.416666666666666"/>
            <fillstroke/>
            <fillcolor color="#2c457e"/>
            <rect x="3" y="3" w="10" h="18"/>
            <fillstroke/>
            <strokecolor color="#000000"/>
            <fillcolor color="none"/>
            <roundrect x="0" y="0" w="250" h="24" arcsize="11.416666666666666"/>
            <stroke/>
            <strokecolor color="none"/>
            <fillcolor color="#2c457e"/>
            <rect x="15" y="3" w="10" h="18"/>
            <fillstroke/>
            <rect x="27" y="3" w="10" h="18"/>
            <fillstroke/>
            <rect x="39" y="3" w="10" h="18"/>
            <fillstroke/>
            <rect x="51" y="3" w="10" h="18"/>
            <fillstroke/>
            <rect x="63" y="3" w="10" h="18"/>
            <fillstroke/>
            <rect x="75" y="3" w="10" h="18"/>
            <fillstroke/>
            <rect x="87" y="3" w="10" h="18"/>
            <fillstroke/>
            <rect x="99" y="3" w="10" h="18"/>
            <fillstroke/>
            <rect x="111" y="3" w="10" h="18"/>
            <fillstroke/>
            <rect x="123" y="3" w="10" h="18"/>
            <fillstroke/>
            <rect x="135" y="3" w="10" h="18"/>
            <fillstroke/>
        </foreground>
    </shape>
    <shape name="Loading Bar 2" h="24" w="250" aspect="1">
        <foreground>
            <strokecolor color="none"/>
            <fillcolor color="#fafafa"/>
            <roundrect x="0" y="0" w="250" h="24" arcsize="11.416666666666666"/>
            <fillstroke/>
            <fillcolor color="#2c457e"/>
            <rect x="3" y="3" w="150" h="18"/>
            <fillstroke/>
            <strokecolor color="#000000"/>
            <fillcolor color="none"/>
            <roundrect x="0" y="0" w="250" h="24" arcsize="11.416666666666666"/>
            <stroke/>
        </foreground>
    </shape>
    <shape name="Loading Circle 1" h="84" w="88" aspect="1">
        <foreground>
            <strokecolor color="none"/>
            <fillcolor color="#888888"/>
            <ellipse x="9" y="3" w="24" h="24"/>
            <fillstroke/>
            <fillcolor color="#999999"/>
            <ellipse x="0" y="29" w="22" h="22"/>
            <fillstroke/>
            <fillcolor color="#aaaaaa"/>
            <ellipse x="11" y="55" w="20" h="20"/>
            <fillstroke/>
            <fillcolor color="#bbbbbb"/>
            <ellipse x="37" y="66" w="18" h="18"/>
            <fillstroke/>
            <fillcolor color="#cccccc"/>
            <ellipse x="63" y="57" w="16" h="16"/>
            <fillstroke/>
            <fillcolor color="#dddddd"/>
            <ellipse x="74" y="33" w="14" h="14"/>
            <fillstroke/>
            <fillcolor color="#eeeeee"/>
            <ellipse x="65" y="9" w="12" h="12"/>
            <fillstroke/>
            <fillcolor color="#f3f3f3"/>
            <ellipse x="41" y="0" w="10" h="10"/>
            <fillstroke/>
        </foreground>
    </shape>
    <shape name="Loading Circle 2" h="90" w="90" aspect="1">
        <foreground>
            <strokecolor color="#000000"/>
            <strokecolor color="#808080"/>
            <strokewidth width="4"/>
            <path>
                <move x="45" y="31"/>
                <line x="45" y="0"/>
            </path>
            <stroke/>
            <strokecolor color="#d1d1d1"/>
            <path>
                <move x="59" y="45"/>
                <line x="90" y="45"/>
            </path>
            <stroke/>
            <strokecolor color="#b3b3b3"/>
            <path>
                <move x="45" y="59"/>
                <line x="45" y="90"/>
            </path>
            <stroke/>
            <strokecolor color="#949494"/>
            <path>
                <move x="31" y="45"/>
                <line x="0" y="45"/>
            </path>
            <stroke/>
            <strokecolor color="#bdbdbd"/>
            <path>
                <move x="52" y="57"/>
                <line x="67.5" y="84"/>
            </path>
            <stroke/>
            <strokecolor color="#c7c7c7"/>
            <path>
                <move x="57" y="52"/>
                <line x="84" y="67.5"/>
            </path>
            <stroke/>
            <strokecolor color="#a8a8a8"/>
            <path>
                <move x="22.5" y="84"/>
                <line x="38" y="57"/>
            </path>
            <stroke/>
            <strokecolor color="#9e9e9e"/>
            <path>
                <move x="6" y="67.5"/>
                <line x="33" y="52"/>
            </path>
            <stroke/>
            <strokecolor color="#8a8a8a"/>
            <path>
                <move x="6" y="22.5"/>
                <line x="33" y="38.3"/>
            </path>
            <stroke/>
            <strokecolor color="#808080"/>
            <path>
                <move x="22.5" y="6"/>
                <line x="38" y="33"/>
            </path>
            <stroke/>
        </foreground>
    </shape>
    <shape name="Mail" h="60" w="100" aspect="1">
        <foreground>
            <fillcolor color="#ffffff"/>
            <strokecolor color="#2c457e"/>
            <strokewidth width="2"/>
            <linejoin join="round"/>
            <linecap cap="round"/>
            <rect x="0" y="0" w="100" h="60"/>
            <fillstroke/>
            <path>
                <move x="0" y="0"/>
                <line x="50" y="30"/>
                <line x="100" y="0"/>
            </path>
            <stroke/>
        </foreground>
    </shape>
    <shape name="Map" h="251" w="251" aspect="1">
        <foreground>
            <strokecolor color="#000000"/>
            <fillcolor color="#ffffff"/>
            <rect x="0" y="0" w="250" h="250"/>
            <fillstroke/>
            <strokecolor color="#d87146"/>
            <fillcolor color="#ffca8c"/>
            <path>
                <move x="15" y="0"/>
                <line x="12.833331752929666" y="4.166656494140625"/>
                <line x="6.000001752929677" y="0.166656494140625"/>
                <close/>
            </path>
            <fillstroke/>
            <fillcolor color="#d87146"/>
            <path>
                <move x="5.6666717529296875" y="18.166656494140625"/>
                <line x="13.833331752929666" y="18.499996494140646"/>
                <line x="13.333331752929666" y="24.666656494140625"/>
                <line x="21.50001175292971" y="26.499996494140646"/>
                <line x="18.833331752929666" y="46.499996494140646"/>
                <line x="9.833331752929666" y="44.499996494140646"/>
                <line x="9.166671752929688" y="50.333316494140604"/>
                <line x="1.333341752929698" y="49.333316494140604"/>
                <line x="3.333341752929698" y="40.833316494140604"/>
                <line x="0.33334175292969803" y="39.999996494140646"/>
                <line x="0.33334175292969803" y="28.999996494140646"/>
                <line x="5.333341752929698" y="24.999996494140646"/>
                <close/>
            </path>
            <fillstroke/>
            <fillcolor color="#ffca8c"/>
            <path>
                <move x="21.833331752929666" y="11.999996494140646"/>
                <line x="19.166671752929688" y="9.166656494140625"/>
                <line x="23.333331752929666" y="0.49999649414064606"/>
                <line x="39.333331752929666" y="0"/>
                <close/>
            </path>
            <fillstroke/>
            <path>
                <move x="25.833331752929666" y="17.499996494140646"/>
                <line x="42.00001175292971" y="6.999996494140646"/>
                <line x="46.16667175292969" y="14.833316494140604"/>
                <line x="28.50001175292971" y="25.499996494140646"/>
                <close/>
            </path>
            <fillstroke/>
            <path>
                <move x="54.66667175292969" y="17.999996494140646"/>
                <line x="60.50001175292971" y="27.666656494140625"/>
                <line x="28.166671752929688" y="44.666656494140625"/>
                <line x="29.833331752929666" y="40.499996494140646"/>
                <line x="30.166671752929688" y="32.833316494140604"/>
                <close/>
            </path>
            <fillstroke/>
            <path>
                <move x="47.66667175292969" y="2.999996494140646"/>
                <line x="53.333331752929666" y="11.999996494140646"/>
                <line x="57.833331752929666" y="9.166656494140625"/>
                <line x="66.66667175292969" y="24.666656494140625"/>
                <line x="82.83333175292967" y="16.999996494140646"/>
                <line x="75.00001175292971" y="0.33331649414060394"/>
                <line x="51.833331752929666" y="0.166656494140625"/>
                <close/>
            </path>
            <fillstroke/>
            <path>
                <move x="89.66667175292969" y="14.666656494140625"/>
                <line x="82.83333175292967" y="0.166656494140625"/>
                <line x="101.66667175292969" y="0.166656494140625"/>
                <line x="114.00001175292971" y="7.166656494140625"/>
                <line x="101.16667175292969" y="19.166656494140625"/>
                <close/>
            </path>
            <fillstroke/>
            <path>
                <move x="95.83333175292967" y="24.499996494140646"/>
                <line x="93.66667175292969" y="23.999996494140646"/>
                <line x="89.50001175292971" y="14.166656494140625"/>
                <line x="97.83333175292967" y="11.499996494140646"/>
                <line x="102.50001175292971" y="18.166656494140625"/>
                <close/>
            </path>
            <fillstroke/>
            <path>
                <move x="121.16667175292969" y="2.833316494140604"/>
                <line x="118.33333175292967" y="0.33331649414060394"/>
                <line x="123.33333175292967" y="0.166656494140625"/>
                <close/>
            </path>
            <fillstroke/>
            <path>
                <move x="128.0000117529297" y="9.333316494140604"/>
                <line x="124.66667175292969" y="6.333316494140604"/>
                <line x="131.0000117529297" y="0.166656494140625"/>
                <line x="138.83333175292967" y="0.166656494140625"/>
                <close/>
            </path>
            <fillstroke/>
            <path>
                <move x="157.83333175292967" y="5.166656494140625"/>
                <line x="152.5000117529297" y="0.166656494140625"/>
                <line x="162.5000117529297" y="0.33331649414060394"/>
                <close/>
            </path>
            <fillstroke/>
            <path>
                <move x="164.1666717529297" y="9.499996494140646"/>
                <line x="172.5000117529297" y="1.333316494140604"/>
                <line x="175.1666717529297" y="2.333316494140604"/>
                <line x="171.83333175292967" y="12.666656494140625"/>
                <close/>
            </path>
            <fillstroke/>
            <path>
                <move x="146.6666717529297" y="27.166656494140625"/>
                <line x="161.1666717529297" y="13.666656494140625"/>
                <line x="171.1666717529297" y="18.833316494140604"/>
                <line x="163.1666717529297" y="41.166656494140625"/>
                <close/>
            </path>
            <fillstroke/>
            <fillcolor color="#d87146"/>
            <path>
                <move x="153.33333175292967" y="20.999996494140646"/>
                <line x="161.1666717529297" y="13.999996494140646"/>
                <line x="171.1666717529297" y="18.833316494140604"/>
                <line x="167.5000117529297" y="28.499996494140646"/>
                <close/>
            </path>
            <fillstroke/>
            <fillcolor color="#ffca8c"/>
            <path>
                <move x="177.5000117529297" y="16.499996494140646"/>
                <line x="180.5000117529297" y="7.166656494140625"/>
                <line x="191.5000117529297" y="13.499996494140646"/>
                <line x="181.5000117529297" y="23.666656494140625"/>
                <close/>
            </path>
            <fillstroke/>
            <path>
                <move x="200.1666717529297" y="5.999996494140646"/>
                <line x="192.83333175292967" y="0"/>
                <line x="206.0000117529297" y="0"/>
                <close/>
            </path>
            <fillstroke/>
            <path>
                <move x="207.0000117529297" y="6.333316494140604"/>
                <line x="212.1666717529297" y="1.666656494140625"/>
                <line x="226.0000117529297" y="10.833316494140604"/>
                <line x="220.1666717529297" y="15.833316494140604"/>
                <close/>
            </path>
            <fillstroke/>
            <path>
                <move x="224.0000117529297" y="23.166656494140625"/>
                <line x="232.1666717529297" y="15.666656494140625"/>
                <line x="250.0000117529297" y="27.833316494140604"/>
                <line x="249.83333175292967" y="41.333316494140604"/>
                <close/>
            </path>
            <fillstroke/>
            <path>
                <move x="231.83333175292967" y="6.166656494140625"/>
                <line x="222.6666717529297" y="0.33331649414060394"/>
                <line x="233.6666717529297" y="0.166656494140625"/>
                <line x="235.6666717529297" y="1.999996494140646"/>
                <close/>
            </path>
            <fillstroke/>
            <path>
                <move x="243.83333175292967" y="5.499996494140646"/>
                <line x="248.83333175292967" y="0.33331649414060394"/>
                <line x="250.33333175292967" y="0.49999649414064606"/>
                <line x="250.0000117529297" y="10.499996494140646"/>
                <close/>
            </path>
            <fillstroke/>
            <path>
                <move x="184.33333175292967" y="28.833316494140604"/>
                <line x="202.6666717529297" y="9.999996494140646"/>
                <line x="216.33333175292967" y="19.333316494140604"/>
                <line x="189.83333175292967" y="40.999996494140646"/>
                <close/>
            </path>
            <fillstroke/>
            <path>
                <move x="176.0000117529297" y="30.166656494140625"/>
                <line x="185.6666717529297" y="46.166656494140625"/>
                <line x="176.5000117529297" y="53.333316494140604"/>
                <line x="168.83333175292967" y="45.833316494140604"/>
                <close/>
            </path>
            <fillstroke/>
            <path>
                <move x="204.5000117529297" y="38.666656494140625"/>
                <line x="217.33333175292967" y="27.833316494140604"/>
                <line x="227.5000117529297" y="34.999996494140646"/>
                <line x="221.0000117529297" y="48.999996494140646"/>
                <close/>
            </path>
            <fillstroke/>
            <path>
                <move x="225.6666717529297" y="52.333316494140604"/>
                <line x="232.33333175292967" y="37.999996494140646"/>
                <line x="247.5000117529297" y="48.166656494140625"/>
                <line x="232.5000117529297" y="57.333316494140604"/>
                <close/>
            </path>
            <fillstroke/>
            <path>
                <move x="238.5000117529297" y="60.666656494140625"/>
                <line x="250.1666717529297" y="53.333316494140604"/>
                <line x="249.83333175292967" y="68.16665649414062"/>
                <close/>
            </path>
            <fillstroke/>
            <path>
                <move x="225.5000117529297" y="72.49999649414065"/>
                <line x="232.5000117529297" y="66.16665649414062"/>
                <line x="248.33333175292967" y="76.3333164941406"/>
                <line x="239.83333175292967" y="84.66665649414062"/>
                <close/>
            </path>
            <fillstroke/>
            <path>
                <move x="199.0000117529297" y="59.999996494140646"/>
                <line x="203.1666717529297" y="47.499996494140646"/>
                <line x="227.5000117529297" y="62.499996494140646"/>
                <line x="213.0000117529297" y="71.49999649414065"/>
                <close/>
            </path>
            <fillstroke/>
            <path>
                <move x="212.5000117529297" y="87.49999649414065"/>
                <line x="215.0000117529297" y="80.8333164941406"/>
                <line x="213.0000117529297" y="77.16665649414062"/>
                <line x="220.83333175292967" y="75.8333164941406"/>
                <line x="235.83333175292967" y="88.8333164941406"/>
                <line x="229.0000117529297" y="98.3333164941406"/>
                <close/>
            </path>
            <fillstroke/>
            <path>
                <move x="189.6666717529297" y="52.666656494140625"/>
                <line x="198.1666717529297" y="43.499996494140646"/>
                <line x="199.83333175292967" y="44.499996494140646"/>
                <line x="199.33333175292967" y="47.333316494140604"/>
                <line x="194.6666717529297" y="56.999996494140646"/>
                <close/>
            </path>
            <fillstroke/>
            <path>
                <move x="165.33333175292967" y="69.49999649414065"/>
                <line x="186.1666717529297" y="55.833316494140604"/>
                <line x="191.0000117529297" y="60.166656494140625"/>
                <line x="177.6666717529297" y="72.3333164941406"/>
                <line x="181.6666717529297" y="77.16665649414062"/>
                <line x="176.33333175292967" y="81.66665649414062"/>
                <close/>
            </path>
            <fillstroke/>
            <fillcolor color="#d87146"/>
            <path>
                <move x="183.33333175292967" y="73.3333164941406"/>
                <line x="191.83333175292967" y="63.999996494140646"/>
                <line x="199.0000117529297" y="69.8333164941406"/>
                <line x="190.5000117529297" y="79.49999649414065"/>
                <close/>
            </path>
            <fillstroke/>
            <fillcolor color="#ffca8c"/>
            <path>
                <move x="199.5000117529297" y="78.3333164941406"/>
                <line x="203.33333175292967" y="73.66665649414062"/>
                <line x="208.33333175292967" y="78.3333164941406"/>
                <line x="207.5000117529297" y="84.49999649414065"/>
                <close/>
            </path>
            <fillstroke/>
            <path>
                <move x="196.83333175292967" y="98.49999649414065"/>
                <line x="181.0000117529297" y="85.8333164941406"/>
                <line x="185.5000117529297" y="82.3333164941406"/>
                <line x="190.83333175292967" y="86.8333164941406"/>
                <line x="195.0000117529297" y="83.16665649414062"/>
                <line x="205.5000117529297" y="89.66665649414062"/>
                <close/>
            </path>
            <fillstroke/>
            <path>
                <move x="201.83333175292967" y="100.99999649414065"/>
                <line x="210.0000117529297" y="92.99999649414065"/>
                <line x="225.1666717529297" y="104.49999649414065"/>
                <line x="223.33333175292967" y="108.3333164941406"/>
                <line x="217.83333175292967" y="109.99999649414065"/>
                <close/>
            </path>
            <fillstroke/>
            <path>
                <move x="247.6666717529297" y="88.66665649414062"/>
                <line x="241.1666717529297" y="98.3333164941406"/>
                <line x="250.1666717529297" y="102.99999649414065"/>
                <line x="250.33333175292967" y="89.99999649414065"/>
                <close/>
            </path>
            <fillstroke/>
            <path>
                <move x="240.5000117529297" y="118.49999649414065"/>
                <line x="243.6666717529297" y="113.99999649414065"/>
                <line x="250.1666717529297" y="116.16665649414062"/>
                <line x="249.6666717529297" y="123.16665649414062"/>
                <close/>
            </path>
            <fillstroke/>
            <path>
                <move x="233.6666717529297" y="134.8333164941406"/>
                <line x="237.1666717529297" y="124.66665649414062"/>
                <line x="247.33333175292967" y="128.3333164941406"/>
                <line x="241.6666717529297" y="136.66665649414062"/>
                <close/>
            </path>
            <fillstroke/>
            <path>
                <move x="222.0000117529297" y="168.66665649414062"/>
                <line x="231.33333175292967" y="142.8333164941406"/>
                <line x="238.83333175292967" y="142.8333164941406"/>
                <line x="249.33333175292967" y="147.16665649414062"/>
                <line x="237.1666717529297" y="176.99999649414065"/>
                <close/>
            </path>
            <fillstroke/>
            <path>
                <move x="242.5000117529297" y="179.99999649414065"/>
                <line x="246.0000117529297" y="171.16665649414062"/>
                <line x="250.0000117529297" y="172.3333164941406"/>
                <line x="250.0000117529297" y="183.99999649414065"/>
                <close/>
            </path>
            <fillstroke/>
            <path>
                <move x="248.33333175292967" y="166.16665649414062"/>
                <line x="250.1666717529297" y="161.3333164941406"/>
                <line x="250.1666717529297" y="166.16665649414062"/>
                <close/>
            </path>
            <fillstroke/>
            <path>
                <move x="214.0000117529297" y="193.16665649414062"/>
                <line x="220.33333175292967" y="176.66665649414062"/>
                <line x="250.0000117529297" y="192.16665649414062"/>
                <line x="249.83333175292967" y="211.49999649414065"/>
                <close/>
            </path>
            <fillstroke/>
            <path>
                <move x="206.6666717529297" y="215.16665649414062"/>
                <line x="212.1666717529297" y="200.49999649414065"/>
                <line x="250.1666717529297" y="219.99995649414063"/>
                <line x="250.0000117529297" y="235.33335649414062"/>
                <close/>
            </path>
            <fillstroke/>
            <path>
                <move x="202.5000117529297" y="229.83335649414062"/>
                <line x="205.0000117529297" y="223.16665649414062"/>
                <line x="250.33333175292967" y="243.16665649414062"/>
                <line x="250.33333175292967" y="245.99995649414063"/>
                <line x="247.0000117529297" y="247.49995649414063"/>
                <close/>
            </path>
            <fillstroke/>
            <path>
                <move x="200.6666717529297" y="236.16665649414062"/>
                <line x="231.6666717529297" y="248.33335649414062"/>
                <line x="230.83333175292967" y="249.83335649414062"/>
                <line x="207.1666717529297" y="249.83335649414062"/>
                <line x="196.83333175292967" y="246.49995649414063"/>
                <close/>
            </path>
            <fillstroke/>
            <fillcolor color="#d87146"/>
            <path>
                <move x="179.33333175292967" y="247.83335649414062"/>
                <line x="178.0000117529297" y="250.49995649414063"/>
                <line x="153.83333175292967" y="249.83335649414062"/>
                <line x="157.5000117529297" y="239.49995649414063"/>
                <close/>
            </path>
            <fillstroke/>
            <fillcolor color="#ffca8c"/>
            <path>
                <move x="185.5000117529297" y="241.99995649414063"/>
                <line x="164.0000117529297" y="232.99995649414063"/>
                <line x="168.6666717529297" y="223.33335649414062"/>
                <line x="189.33333175292967" y="232.33335649414062"/>
                <close/>
            </path>
            <fillstroke/>
            <path>
                <move x="191.1666717529297" y="225.49995649414063"/>
                <line x="173.6666717529297" y="217.16665649414062"/>
                <line x="177.5000117529297" y="210.16665649414062"/>
                <line x="193.83333175292967" y="217.33335649414062"/>
                <close/>
            </path>
            <fillstroke/>
            <path>
                <move x="190.83333175292967" y="188.49999649414065"/>
                <line x="202.0000117529297" y="195.16665649414062"/>
                <line x="195.6666717529297" y="211.8333164941406"/>
                <line x="180.83333175292967" y="205.49999649414065"/>
                <close/>
            </path>
            <fillstroke/>
            <path>
                <move x="197.83333175292967" y="184.99999649414065"/>
                <line x="205.6666717529297" y="168.66665649414062"/>
                <line x="210.5000117529297" y="171.8333164941406"/>
                <line x="204.1666717529297" y="188.66665649414062"/>
                <close/>
            </path>
            <fillstroke/>
            <path>
                <move x="213.1666717529297" y="148.3333164941406"/>
                <line x="217.1666717529297" y="150.16665649414062"/>
                <line x="212.33333175292967" y="164.49999649414065"/>
                <line x="207.6666717529297" y="162.16665649414062"/>
                <close/>
            </path>
            <fillstroke/>
            <path>
                <move x="206.83333175292967" y="127.16665649414062"/>
                <line x="212.0000117529297" y="116.49999649414065"/>
                <line x="226.33333175292967" y="122.3333164941406"/>
                <line x="223.0000117529297" y="132.49999649414065"/>
                <close/>
            </path>
            <fillstroke/>
            <path>
                <move x="202.5000117529297" y="136.8333164941406"/>
                <line x="204.83333175292967" y="131.99999649414065"/>
                <line x="220.6666717529297" y="138.66665649414062"/>
                <line x="218.33333175292967" y="144.66665649414062"/>
                <close/>
            </path>
            <fillstroke/>
            <path>
                <move x="200.0000117529297" y="141.99999649414065"/>
                <line x="204.0000117529297" y="143.99999649414065"/>
                <line x="198.6666717529297" y="156.3333164941406"/>
                <line x="194.0000117529297" y="154.16665649414062"/>
                <close/>
            </path>
            <fillstroke/>
            <path>
                <move x="198.33333175292967" y="133.49999649414065"/>
                <line x="189.1666717529297" y="151.3333164941406"/>
                <line x="183.33333175292967" y="148.16665649414062"/>
                <line x="192.5000117529297" y="130.99999649414065"/>
                <close/>
            </path>
            <fillstroke/>
            <path>
                <move x="206.6666717529297" y="115.16665649414062"/>
                <line x="200.1666717529297" y="128.3333164941406"/>
                <line x="194.83333175292967" y="125.99999649414065"/>
                <line x="200.6666717529297" y="112.99999649414065"/>
                <close/>
            </path>
            <fillstroke/>
            <path>
                <move x="195.0000117529297" y="110.49999649414065"/>
                <line x="177.33333175292967" y="145.3333164941406"/>
                <line x="168.1666717529297" y="140.3333164941406"/>
                <line x="190.33333175292967" y="108.16665649414062"/>
                <close/>
            </path>
            <fillstroke/>
            <path>
                <move x="162.0000117529297" y="136.8333164941406"/>
                <line x="157.1666717529297" y="134.16665649414062"/>
                <line x="179.6666717529297" y="104.49999649414065"/>
                <line x="183.5000117529297" y="105.8333164941406"/>
                <close/>
            </path>
            <fillstroke/>
            <path>
                <move x="173.33333175292967" y="98.99999649414065"/>
                <line x="153.1666717529297" y="127.66665649414062"/>
                <line x="147.1666717529297" y="116.8333164941406"/>
                <line x="167.83333175292967" y="94.3333164941406"/>
                <close/>
            </path>
            <fillstroke/>
            <path>
                <move x="162.33333175292967" y="89.8333164941406"/>
                <line x="142.0000117529297" y="112.16665649414062"/>
                <line x="137.0000117529297" y="114.3333164941406"/>
                <line x="124.50001175292971" y="117.16665649414062"/>
                <line x="122.66667175292969" y="112.8333164941406"/>
                <line x="128.83333175292967" y="109.49999649414065"/>
                <line x="128.33333175292967" y="106.16665649414062"/>
                <line x="155.6666717529297" y="82.8333164941406"/>
                <close/>
            </path>
            <fillstroke/>
            <fillcolor color="#d87146"/>
            <path>
                <move x="134.5000117529297" y="115.16665649414062"/>
                <line x="124.66667175292969" y="117.3333164941406"/>
                <line x="122.66667175292969" y="112.66665649414062"/>
                <line x="129.0000117529297" y="109.49999649414065"/>
                <line x="128.6666717529297" y="106.16665649414062"/>
                <line x="130.0000117529297" y="104.8333164941406"/>
                <close/>
            </path>
            <fillstroke/>
            <path>
                <move x="126.83333175292967" y="123.8333164941406"/>
                <line x="140.83333175292967" y="120.66665649414062"/>
                <line x="147.6666717529297" y="134.8333164941406"/>
                <line x="133.5000117529297" y="140.8333164941406"/>
                <close/>
            </path>
            <fillstroke/>
            <fillcolor color="#ffca8c"/>
            <path>
                <move x="136.83333175292967" y="147.66665649414062"/>
                <line x="152.5000117529297" y="140.16665649414062"/>
                <line x="157.6666717529297" y="143.49999649414065"/>
                <line x="142.83333175292967" y="163.66665649414062"/>
                <close/>
            </path>
            <fillstroke/>
            <path>
                <move x="145.33333175292967" y="172.8333164941406"/>
                <line x="164.0000117529297" y="146.3333164941406"/>
                <line x="174.1666717529297" y="151.49999649414065"/>
                <line x="151.6666717529297" y="188.99999649414065"/>
                <close/>
            </path>
            <fillstroke/>
            <path>
                <move x="155.5000117529297" y="194.8333164941406"/>
                <line x="164.33333175292967" y="181.99999649414065"/>
                <line x="180.83333175292967" y="189.99999649414065"/>
                <line x="173.0000117529297" y="201.49999649414065"/>
                <close/>
            </path>
            <fillstroke/>
            <path>
                <move x="167.6666717529297" y="177.3333164941406"/>
                <line x="180.1666717529297" y="156.3333164941406"/>
                <line x="195.1666717529297" y="163.3333164941406"/>
                <line x="184.5000117529297" y="184.8333164941406"/>
                <close/>
            </path>
            <fillstroke/>
            <path>
                <move x="123.66667175292969" y="15.333316494140604"/>
                <line x="138.1666717529297" y="28.833316494140604"/>
                <line x="133.83333175292967" y="32.666656494140625"/>
                <line x="122.50001175292971" y="22.999996494140646"/>
                <close/>
            </path>
            <fillstroke/>
            <path>
                <move x="142.83333175292967" y="33.999996494140646"/>
                <line x="169.6666717529297" y="58.499996494140646"/>
                <line x="163.1666717529297" y="62.166656494140625"/>
                <line x="139.33333175292967" y="38.333316494140604"/>
                <close/>
            </path>
            <fillstroke/>
            <path>
                <move x="118.33333175292967" y="12.666656494140625"/>
                <line x="116.66667175292969" y="24.999996494140646"/>
                <line x="128.83333175292967" y="37.666656494140625"/>
                <line x="121.33333175292967" y="43.999996494140646"/>
                <line x="106.33333175292967" y="23.833316494140604"/>
                <close/>
            </path>
            <fillstroke/>
            <path>
                <move x="134.1666717529297" y="42.833316494140604"/>
                <line x="159.6666717529297" y="67.49999649414065"/>
                <line x="146.6666717529297" y="78.8333164941406"/>
                <line x="126.16667175292969" y="51.333316494140604"/>
                <close/>
            </path>
            <fillstroke/>
            <path>
                <move x="121.33333175292967" y="56.333316494140604"/>
                <line x="141.5000117529297" y="83.66665649414062"/>
                <line x="126.83333175292967" y="96.3333164941406"/>
                <line x="115.66667175292969" y="92.8333164941406"/>
                <line x="107.50001175292971" y="71.8333164941406"/>
                <close/>
            </path>
            <fillstroke/>
            <fillcolor color="#d87146"/>
            <path>
                <move x="122.50001175292971" y="99.66665649414062"/>
                <line x="116.83333175292967" y="97.99999649414065"/>
                <line x="115.50001175292971" y="92.16665649414062"/>
                <line x="121.83333175292967" y="88.3333164941406"/>
                <line x="127.33333175292967" y="96.16665649414062"/>
                <close/>
            </path>
            <fillstroke/>
            <fillcolor color="#ffca8c"/>
            <path>
                <move x="94.16667175292969" y="56.666656494140625"/>
                <line x="107.00001175292971" y="89.16665649414062"/>
                <line x="100.83333175292967" y="94.8333164941406"/>
                <line x="76.33333175292967" y="89.49999649414065"/>
                <line x="78.00001175292971" y="75.99999649414065"/>
                <line x="84.33333175292967" y="71.8333164941406"/>
                <line x="80.50001175292971" y="63.833316494140604"/>
                <close/>
            </path>
            <fillstroke/>
            <fillcolor color="#d87146"/>
            <path>
                <move x="106.66667175292969" y="87.49999649414065"/>
                <line x="108.50001175292971" y="91.99999649414065"/>
                <line x="108.33333175292967" y="97.49999649414065"/>
                <line x="100.66667175292969" y="94.8333164941406"/>
                <line x="99.33333175292967" y="94.66665649414062"/>
                <line x="101.16667175292969" y="87.16665649414062"/>
                <close/>
            </path>
            <fillstroke/>
            <fillcolor color="#ffca8c"/>
            <path>
                <move x="105.33333175292967" y="63.166656494140625"/>
                <line x="101.16667175292969" y="52.333316494140604"/>
                <line x="113.00001175292971" y="45.833316494140604"/>
                <line x="116.00001175292971" y="50.166656494140625"/>
                <close/>
            </path>
            <fillstroke/>
            <path>
                <move x="99.66667175292969" y="45.833316494140604"/>
                <line x="95.00001175292971" y="35.333316494140604"/>
                <line x="101.66667175292969" y="30.166656494140625"/>
                <line x="108.66667175292969" y="39.999996494140646"/>
                <close/>
            </path>
            <fillstroke/>
            <path>
                <move x="93.50001175292971" y="49.333316494140604"/>
                <line x="77.16667175292969" y="58.499996494140646"/>
                <line x="73.00001175292971" y="47.333316494140604"/>
                <line x="88.66667175292969" y="39.333316494140604"/>
                <close/>
            </path>
            <fillstroke/>
            <path>
                <move x="87.66667175292969" y="32.999996494140646"/>
                <line x="71.00001175292971" y="41.999996494140646"/>
                <line x="66.50001175292971" y="33.166656494140625"/>
                <line x="84.00001175292971" y="24.166656494140625"/>
                <close/>
            </path>
            <fillstroke/>
            <path>
                <move x="49.16667175292969" y="52.999996494140646"/>
                <line x="44.00001175292971" y="44.999996494140646"/>
                <line x="60.66667175292969" y="36.833316494140604"/>
                <line x="65.16667175292969" y="43.999996494140646"/>
                <close/>
            </path>
            <fillstroke/>
            <fillcolor color="#d87146"/>
            <path>
                <move x="62.333331752929666" y="52.166656494140625"/>
                <line x="67.00001175292971" y="60.333316494140604"/>
                <line x="58.16667175292969" y="65.16665649414062"/>
                <line x="53.333331752929666" y="61.666656494140625"/>
                <line x="53.833331752929666" y="56.333316494140604"/>
                <close/>
            </path>
            <fillstroke/>
            <fillcolor color="#ffca8c"/>
            <path>
                <move x="40.00001175292971" y="47.666656494140625"/>
                <line x="53.00001175292971" y="68.8333164941406"/>
                <line x="44.66667175292969" y="73.8333164941406"/>
                <line x="30.166671752929688" y="52.666656494140625"/>
                <close/>
            </path>
            <fillstroke/>
            <fillcolor color="#d87146"/>
            <path>
                <move x="47.66667175292969" y="77.8333164941406"/>
                <line x="56.16667175292969" y="72.16665649414062"/>
                <line x="72.50001175292971" y="75.66665649414062"/>
                <line x="69.16667175292969" y="88.8333164941406"/>
                <line x="56.66667175292969" y="90.99999649414065"/>
                <close/>
            </path>
            <fillstroke/>
            <fillcolor color="#ffca8c"/>
            <path>
                <move x="119.66667175292969" y="186.16665649414062"/>
                <line x="138.6666717529297" y="173.66665649414062"/>
                <line x="156.6666717529297" y="223.49995649414063"/>
                <line x="153.1666717529297" y="227.33335649414062"/>
                <close/>
            </path>
            <fillstroke/>
            <path>
                <move x="111.83333175292967" y="182.8333164941406"/>
                <line x="141.1666717529297" y="216.66665649414062"/>
                <line x="131.83333175292967" y="215.49995649414063"/>
                <line x="106.83333175292967" y="186.8333164941406"/>
                <close/>
            </path>
            <fillstroke/>
            <path>
                <move x="142.83333175292967" y="224.99995649414063"/>
                <line x="152.0000117529297" y="232.16665649414062"/>
                <line x="144.6666717529297" y="249.83335649414062"/>
                <line x="105.83333175292967" y="249.99995649414063"/>
                <close/>
            </path>
            <fillstroke/>
            <fillcolor color="#b2d8ad"/>
            <path>
                <move x="16.666671752929688" y="217.99995649414063"/>
                <line x="36.833331752929666" y="240.16665649414062"/>
                <line x="25.333331752929666" y="250.33335649414062"/>
                <line x="7.333331752929666" y="249.99995649414063"/>
                <line x="8.166671752929688" y="224.99995649414063"/>
                <close/>
            </path>
            <fillstroke/>
            <fillcolor color="#ffca8c"/>
            <path>
                <move x="0" y="232.49995649414063"/>
                <line x="9.666671752929688" y="223.66665649414062"/>
                <line x="23.00001175292971" y="238.16665649414062"/>
                <line x="9.333331752929666" y="250.16665649414062"/>
                <line x="0.1666717529296875" y="250.49995649414063"/>
                <close/>
            </path>
            <fillstroke/>
            <fillcolor color="#b2d8ad"/>
            <path>
                <move x="13.500011752929709" y="214.66665649414062"/>
                <line x="0.33334175292969803" y="225.16665649414062"/>
                <line x="0.33334175292969803" y="210.49999649414065"/>
                <line x="6.1666717529296875" y="206.66665649414062"/>
                <close/>
            </path>
            <fillstroke/>
            <path>
                <move x="26.666671752929688" y="203.66665649414062"/>
                <line x="22.166671752929688" y="197.99999649414065"/>
                <line x="42.50001175292971" y="181.16665649414062"/>
                <line x="42.16667175292969" y="176.49999649414065"/>
                <line x="53.66667175292969" y="167.49999649414065"/>
                <line x="59.00001175292971" y="168.8333164941406"/>
                <line x="61.66667175292969" y="172.99999649414065"/>
                <close/>
            </path>
            <fillstroke/>
            <fillcolor color="#d87146"/>
            <path>
                <move x="25.666671752929688" y="174.3333164941406"/>
                <line x="36.00001175292971" y="186.49999649414065"/>
                <line x="30.166671752929688" y="190.8333164941406"/>
                <line x="19.333331752929666" y="179.16665649414062"/>
                <close/>
            </path>
            <fillstroke/>
            <fillcolor color="#b2d8ad"/>
            <path>
                <move x="33.16667175292969" y="168.66665649414062"/>
                <line x="12.166671752929688" y="185.49999649414065"/>
                <line x="0.1666717529296875" y="169.99999649414065"/>
                <line x="19.333331752929666" y="153.16665649414062"/>
                <close/>
            </path>
            <fillstroke/>
            <path>
                <move x="62.66667175292969" y="159.99999649414065"/>
                <line x="68.66667175292969" y="155.3333164941406"/>
                <line x="75.16667175292969" y="162.49999649414065"/>
                <line x="66.00001175292971" y="169.49999649414065"/>
                <line x="62.50001175292971" y="165.99999649414065"/>
                <close/>
            </path>
            <fillstroke/>
            <path>
                <move x="25.00001175292971" y="55.999996494140646"/>
                <line x="50.833331752929666" y="95.16665649414062"/>
                <line x="46.333331752929666" y="99.16665649414062"/>
                <line x="53.333331752929666" y="108.49999649414065"/>
                <line x="50.833331752929666" y="110.49999649414065"/>
                <line x="30.333331752929666" y="81.8333164941406"/>
                <line x="33.66667175292969" y="79.66665649414062"/>
                <line x="24.50001175292971" y="65.8333164941406"/>
                <line x="15.666671752929688" y="71.49999649414065"/>
                <line x="21.833331752929666" y="82.8333164941406"/>
                <line x="18.166671752929688" y="84.99999649414065"/>
                <line x="12.000011752929709" y="77.3333164941406"/>
                <line x="13.500011752929709" y="67.99999649414065"/>
                <line x="22.166671752929688" y="62.666656494140625"/>
                <close/>
            </path>
            <fillstroke/>
            <path>
                <move x="22.333331752929666" y="69.8333164941406"/>
                <line x="28.166671752929688" y="77.49999649414065"/>
                <line x="24.666671752929688" y="80.16665649414062"/>
                <line x="19.666671752929688" y="71.66665649414062"/>
                <close/>
            </path>
            <fillstroke/>
            <path>
                <move x="17.666671752929688" y="91.3333164941406"/>
                <line x="27.00001175292971" y="84.66665649414062"/>
                <line x="41.833331752929666" y="104.66665649414062"/>
                <line x="37.66667175292969" y="107.49999649414065"/>
                <line x="25.166671752929688" y="92.8333164941406"/>
                <line x="20.833331752929666" y="94.99999649414065"/>
                <close/>
            </path>
            <fillstroke/>
            <path>
                <move x="21.333331752929666" y="122.8333164941406"/>
                <line x="19.666671752929688" y="121.49999649414065"/>
                <line x="21.333331752929666" y="112.3333164941406"/>
                <line x="33.00001175292971" y="112.99999649414065"/>
                <close/>
            </path>
            <fillstroke/>
            <path>
                <move x="17.166671752929688" y="121.3333164941406"/>
                <line x="14.833331752929666" y="121.66665649414062"/>
                <line x="9.333331752929666" y="113.3333164941406"/>
                <line x="16.833331752929666" y="113.66665649414062"/>
                <close/>
            </path>
            <fillstroke/>
            <path>
                <move x="5.6666717529296875" y="117.3333164941406"/>
                <line x="13.000011752929709" y="123.66665649414062"/>
                <line x="11.166671752929688" y="126.16665649414062"/>
                <line x="4.500001752929677" y="122.49999649414065"/>
                <close/>
            </path>
            <fillstroke/>
            <path>
                <move x="7.333331752929666" y="108.49999649414065"/>
                <line x="8.833331752929666" y="94.8333164941406"/>
                <line x="14.333331752929666" y="94.8333164941406"/>
                <line x="17.166671752929688" y="98.49999649414065"/>
                <line x="15.833331752929666" y="109.16665649414062"/>
                <close/>
            </path>
            <fillstroke/>
            <path>
                <move x="10.500011752929709" y="81.66665649414062"/>
                <line x="15.166671752929688" y="86.66665649414062"/>
                <line x="10.166671752929688" y="88.66665649414062"/>
                <close/>
            </path>
            <fillstroke/>
            <path>
                <move x="4.000001752929677" y="92.49999649414065"/>
                <line x="0.33334175292969803" y="108.8333164941406"/>
                <line x="0.6666717529296875" y="91.99999649414065"/>
                <close/>
            </path>
            <fillstroke/>
            <path>
                <move x="48.66667175292969" y="114.8333164941406"/>
                <line x="23.50001175292971" y="133.66665649414062"/>
                <line x="25.333331752929666" y="135.99999649414065"/>
                <line x="50.16667175292969" y="117.8333164941406"/>
                <close/>
            </path>
            <fillstroke/>
            <path>
                <move x="20.166671752929688" y="136.16665649414062"/>
                <line x="21.333331752929666" y="137.66665649414062"/>
                <line x="9.166671752929688" y="147.16665649414062"/>
                <line x="8.500011752929709" y="145.66665649414062"/>
                <close/>
            </path>
            <fillstroke/>
            <path>
                <move x="39.833331752929666" y="134.16665649414062"/>
                <curve x1="39.833331752929666" y1="134.16665649414062" x2="54.50001175292971" y2="121.66665649414062" x3="54.50001175292971" y3="121.66665649414062"/>
                <curve x1="54.50001175292971" y1="121.66665649414062" x2="69.50001175292971" y2="137.8333164941406" x3="69.50001175292971" y3="137.8333164941406"/>
                <curve x1="69.50001175292971" y1="137.8333164941406" x2="54.333331752929666" y2="151.66665649414062" x3="54.333331752929666" y3="151.66665649414062"/>
                <curve x1="54.333331752929666" y1="151.66665649414062" x2="51.333331752929666" y2="149.16665649414062" x3="51.333331752929666" y3="149.16665649414062"/>
                <curve x1="51.333331752929666" y1="149.16665649414062" x2="42.50001175292971" y2="138.16665649414062" x3="42.50001175292971" y3="138.16665649414062"/>
                <curve x1="42.50001175292971" y1="138.16665649414062" x2="39.66667175292969" y2="134.3333164941406" x3="39.66667175292969" y3="134.3333164941406"/>
                <close/>
            </path>
            <fillstroke/>
            <path>
                <move x="36.66667175292969" y="137.16665649414062"/>
                <curve x1="36.66667175292969" y1="137.16665649414062" x2="39.66667175292969" y2="141.16665649414062" x3="39.66667175292969" y3="141.16665649414062"/>
                <curve x1="39.66667175292969" y1="141.16665649414062" x2="46.833331752929666" y2="152.49999649414065" x3="46.833331752929666" y3="152.49999649414065"/>
                <curve x1="46.833331752929666" y1="152.49999649414065" x2="49.66667175292969" y2="155.8333164941406" x3="49.66667175292969" y3="155.8333164941406"/>
                <curve x1="49.66667175292969" y1="155.8333164941406" x2="35.833331752929666" y2="167.66665649414062" x3="35.833331752929666" y3="167.66665649414062"/>
                <curve x1="35.833331752929666" y1="167.66665649414062" x2="21.50001175292971" y2="149.8333164941406" x3="21.50001175292971" y3="149.8333164941406"/>
                <curve x1="21.50001175292971" y1="149.8333164941406" x2="37.00001175292971" y2="137.16665649414062" x3="37.00001175292971" y3="137.16665649414062"/>
                <close/>
            </path>
            <fillstroke/>
            <path>
                <move x="4.1666717529296875" y="127.8333164941406"/>
                <curve x1="4.1666717529296875" y1="127.8333164941406" x2="6.000001752929677" y2="128.66665649414062" x3="6.000001752929677" y3="128.66665649414062"/>
                <curve x1="6.000001752929677" y1="128.66665649414062" x2="11.666671752929688" y2="137.66665649414062" x3="11.666671752929688" y3="137.8333164941406"/>
                <curve x1="11.666671752929688" y1="137.99999649414065" x2="0.6666717529296875" y2="146.8333164941406" x3="0.6666717529296875" y3="146.8333164941406"/>
                <curve x1="0.6666717529296875" y1="146.8333164941406" x2="0.33334175292969803" y2="131.3333164941406" x3="0.33334175292969803" y3="131.3333164941406"/>
                <curve x1="0.33334175292969803" y1="131.3333164941406" x2="4.1666717529296875" y2="127.99999649414065" x3="4.1666717529296875" y3="127.99999649414065"/>
                <close/>
            </path>
            <fillstroke/>
            <ellipse x="13.833331752929666" y="126.66666319414065" w="6.5" h="6.6666666"/>
            <fillstroke/>
            <path>
                <move x="23.833331752929666" y="125.16665649414062"/>
                <line x="44.50001175292971" y="109.66665649414062"/>
                <line x="46.833331752929666" y="113.16665649414062"/>
                <line x="26.50001175292971" y="128.8333164941406"/>
                <close/>
            </path>
            <fillstroke/>
            <path>
                <move x="4.500001752929677" y="88.16665649414062"/>
                <line x="6.6666717529296875" y="79.3333164941406"/>
                <arc rx="4" ry="9" x-axis-rotation="0" large-arc-flag="0" sweep-flag="0" x="0.33334175292969803" y="78.16665649414062"/>
                <line x="0.33334175292969803" y="87.49999649414065"/>
                <line x="4.333341752929698" y="88.3333164941406"/>
                <close/>
            </path>
            <fillstroke/>
            <path>
                <move x="0.6666717529296875" y="65.66665649414062"/>
                <line x="11.000011752929709" y="67.49999649414065"/>
                <line x="9.333331752929666" y="75.99999649414065"/>
                <arc rx="10" ry="10" x-axis-rotation="0" large-arc-flag="0" sweep-flag="0" x="0.500001752929677" y="70.99999649414065"/>
                <line x="0.500001752929677" y="65.3333164941406"/>
                <close/>
            </path>
            <fillstroke/>
            <fillcolor color="#d87146"/>
            <path>
                <move x="62.66667175292969" y="98.49999649414065"/>
                <arc rx="50" ry="50" x-axis-rotation="0" large-arc-flag="0" sweep-flag="1" x="84.83333175292967" y="97.99999649414065"/>
                <arc rx="50" ry="50" x-axis-rotation="0" large-arc-flag="0" sweep-flag="1" x="103.16667175292969" y="103.8333164941406"/>
                <arc rx="15" ry="15" x-axis-rotation="0" large-arc-flag="0" sweep-flag="0" x="116.33333175292967" y="117.66665649414062"/>
                <line x="128.0000117529297" y="143.8333164941406"/>
                <line x="115.83333175292967" y="148.99999649414065"/>
                <line x="122.50001175292971" y="165.99999649414065"/>
                <line x="134.33333175292967" y="161.66665649414062"/>
                <line x="138.83333175292967" y="173.99999649414065"/>
                <line x="122.66667175292969" y="184.16665649414062"/>
                <line x="111.66667175292969" y="171.99999649414065"/>
                <line x="57.333331752929666" y="223.83335649414062"/>
                <line x="42.16667175292969" y="207.66665649414062"/>
                <line x="55.16667175292969" y="194.99999649414065"/>
                <arc rx="20" ry="20" x-axis-rotation="0" large-arc-flag="0" sweep-flag="0" x="76.50001175292971" y="188.99999649414065"/>
                <line x="73.33333175292967" y="186.49999649414065"/>
                <line x="79.33333175292967" y="181.66665649414062"/>
                <line x="81.33333175292967" y="183.8333164941406"/>
                <arc rx="20" ry="20" x-axis-rotation="0" large-arc-flag="0" sweep-flag="0" x="88.16667175292969" y="163.66665649414062"/>
                <line x="73.83333175292967" y="150.66665649414062"/>
                <line x="82.83333175292967" y="141.66665649414062"/>
                <line x="60.333331752929666" y="114.99999649414065"/>
                <line x="68.50001175292971" y="106.66665649414062"/>
                <line x="62.66667175292969" y="98.50005649414061"/>
                <close/>
            </path>
            <fillstroke/>
            <fillcolor color="#ffca8c"/>
            <path>
                <move x="247.56667175292966" y="138.16665649414062"/>
                <line x="250.1666717529297" y="133.96665649414064"/>
                <line x="250.1666717529297" y="139.3666564941406"/>
                <close/>
            </path>
            <fillstroke/>
            <fillcolor color="#b2d8ad"/>
            <path>
                <move x="84.76667175292971" y="207.76665649414065"/>
                <curve x1="84.76667175292971" y1="207.76665649414065" x2="100.9666717529297" y2="192.76665649414065" x3="100.9666717529297" y3="192.76665649414065"/>
                <curve x1="100.9666717529297" y1="192.76665649414065" x2="109.36667175292968" y2="200.3666564941406" x3="109.36667175292968" y3="200.3666564941406"/>
                <curve x1="109.36667175292968" y1="200.3666564941406" x2="89.9666717529297" y2="210.16665649414062" x3="89.9666717529297" y3="210.16665649414062"/>
                <curve x1="89.9666717529297" y1="210.16665649414062" x2="84.76667175292971" y2="207.96665649414064" x3="84.76667175292971" y3="207.96665649414064"/>
                <close/>
            </path>
            <fillstroke/>
            <path>
                <move x="81.76667175292971" y="210.3666564941406"/>
                <line x="88.16667175292969" y="212.36665649414067"/>
                <arc rx="10" ry="10" x-axis-rotation="0" large-arc-flag="0" sweep-flag="0" x="88.16667175292969" y="226.36665649414067"/>
                <line x="81.56667175292966" y="227.96665649414058"/>
                <line x="72.36667175292968" y="219.96665649414058"/>
                <line x="81.76667175292971" y="210.3666564941406"/>
                <close/>
            </path>
            <fillstroke/>
            <path>
                <move x="71.16667175292969" y="220.76665649414065"/>
                <arc rx="28" ry="35" x-axis-rotation="0" large-arc-flag="0" sweep-flag="0" x="101.56667175292966" y="230.5666564941406"/>
                <line x="103.16667175292969" y="233.96665649414058"/>
                <arc rx="20" ry="30" x-axis-rotation="0" large-arc-flag="0" sweep-flag="1" x="83.76667175292971" y="239.36665649414067"/>
                <line x="85.9666717529297" y="235.76665649414065"/>
                <line x="75.76667175292971" y="232.76665649414065"/>
                <line x="69.16667175292969" y="222.76665649414065"/>
                <line x="71.16667175292969" y="220.76665649414065"/>
                <close/>
            </path>
            <fillstroke/>
            <path>
                <move x="66.9666717529297" y="224.36665649414067"/>
                <curve x1="66.9666717529297" y1="224.36665649414067" x2="73.36667175292968" y2="232.96665649414058" x3="73.36667175292968" y3="232.96665649414058"/>
                <curve x1="73.36667175292968" y1="232.96665649414058" x2="70.9666717529297" y2="236.16665649414062" x3="70.9666717529297" y3="236.16665649414062"/>
                <curve x1="70.9666717529297" y1="236.16665649414062" x2="79.56667175292966" y2="242.16665649414062" x3="79.56667175292966" y3="242.16665649414062"/>
                <curve x1="79.56667175292966" y1="242.16665649414062" x2="76.9666717529297" y2="245.36665649414067" x3="76.9666717529297" y3="245.36665649414067"/>
                <curve x1="76.9666717529297" y1="245.36665649414067" x2="57.566671752929665" y2="233.76665649414065" x3="57.566671752929665" y3="233.76665649414065"/>
                <curve x1="57.566671752929665" y1="233.76665649414065" x2="66.76667175292971" y2="224.16665649414062" x3="66.76667175292971" y3="224.16665649414062"/>
                <close/>
            </path>
            <fillstroke/>
            <path>
                <move x="82.16667175292969" y="242.16665649414062"/>
                <curve x1="82.16667175292969" y1="242.16665649414062" x2="88.16667175292969" y2="243.5666564941406" x3="88.16667175292969" y3="243.5666564941406"/>
                <curve x1="88.16667175292969" y1="243.5666564941406" x2="87.76667175292971" y2="249.5666564941406" x3="87.76667175292971" y3="249.5666564941406"/>
                <curve x1="87.76667175292971" y1="249.5666564941406" x2="76.16667175292969" y2="250.36665649414067" x3="76.16667175292969" y3="250.36665649414067"/>
                <curve x1="76.16667175292969" y1="250.36665649414067" x2="82.16667175292969" y2="242.36665649414067" x3="82.16667175292969" y3="242.36665649414067"/>
                <close/>
            </path>
            <fillstroke/>
            <path>
                <move x="112.36667175292968" y="204.3666564941406"/>
                <curve x1="112.36667175292968" y1="204.3666564941406" x2="115.76667175292971" y2="207.5666564941406" x3="115.76667175292971" y3="207.5666564941406"/>
                <curve x1="115.76667175292971" y1="207.5666564941406" x2="104.16667175292969" y2="226.16665649414062" x3="104.16667175292969" y3="226.16665649414062"/>
                <curve x1="104.16667175292969" y1="226.16665649414062" x2="92.9666717529297" y2="222.96665649414058" x3="92.9666717529297" y3="222.96665649414058"/>
                <curve x1="92.9666717529297" y1="222.96665649414058" x2="96.76667175292971" y2="210.76665649414065" x3="96.76667175292971" y3="210.76665649414065"/>
                <curve x1="96.76667175292971" y1="210.76665649414065" x2="112.36667175292968" y2="204.3666564941406" x3="112.36667175292968" y3="204.3666564941406"/>
                <close/>
            </path>
            <fillstroke/>
            <path>
                <move x="118.76667175292971" y="211.76665649414065"/>
                <curve x1="118.76667175292971" y1="211.76665649414065" x2="122.56667175292966" y2="216.36665649414067" x3="122.56667175292966" y3="216.36665649414067"/>
                <curve x1="122.56667175292966" y1="216.36665649414067" x2="105.76667175292971" y2="233.5666564941406" x3="105.76667175292971" y3="233.5666564941406"/>
                <curve x1="105.76667175292971" y1="233.5666564941406" x2="104.56667175292966" y2="230.5666564941406" x3="104.56667175292966" y3="230.5666564941406"/>
                <curve x1="104.56667175292966" y1="230.5666564941406" x2="118.56667175292966" y2="211.76665649414065" x3="118.56667175292966" y3="211.76665649414065"/>
                <close/>
            </path>
            <fillstroke/>
            <path>
                <move x="125.76667175292971" y="218.16665649414062"/>
                <line x="134.1666717529297" y="221.76665649414065"/>
                <line x="95.9666717529297" y="250.16665649414062"/>
                <line x="90.36667175292968" y="249.96665649414058"/>
                <line x="90.9666717529297" y="244.16665649414062"/>
                <arc rx="20" ry="20" x-axis-rotation="0" large-arc-flag="0" sweep-flag="0" x="103.9666717529297" y="239.16665649414062"/>
                <arc rx="80" ry="80" x-axis-rotation="0" large-arc-flag="0" sweep-flag="0" x="125.76667175292971" y="218.16665649414062"/>
                <close/>
            </path>
            <fillstroke/>
            <fillcolor color="#ffffff"/>
            <path>
                <move x="112.33333175292967" y="122.8333164941406"/>
                <line x="119.66667175292969" y="134.3333164941406"/>
                <line x="114.83333175292967" y="140.3333164941406"/>
                <line x="104.83333175292967" y="130.16665649414062"/>
                <close/>
            </path>
            <fillstroke/>
            <path>
                <move x="69.16667175292969" y="111.49999649414065"/>
                <line x="79.16667175292969" y="102.66665649414062"/>
                <line x="93.00001175292971" y="116.8333164941406"/>
                <line x="82.00001175292971" y="126.99999649414065"/>
                <close/>
            </path>
            <fillstroke/>
            <path>
                <move x="98.83333175292967" y="133.8333164941406"/>
                <line x="107.33333175292967" y="142.16665649414062"/>
                <line x="101.16667175292969" y="148.49999649414065"/>
                <line x="93.16667175292969" y="138.99999649414065"/>
                <close/>
            </path>
            <fillstroke/>
            <strokecolor color="#000000"/>
            <strokewidth width="2"/>
            <fillcolor color="none"/>
            <rect x="0.1666717529296875" y="0.166656494140625" w="250" h="250"/>
            <stroke/>
        </foreground>
    </shape>
    <shape name="Search Box" h="44" w="350" aspect="1">
        <foreground>
            <strokecolor color="#000000"/>
            <fillcolor color="#fafafa"/>
            <roundrect x="0" y="0" w="350" h="44" arcsize="6.4"/>
            <fillstroke/>
            <fillcolor color="#ffffff"/>
            <rect x="10" y="10" w="250" h="24"/>
            <fillstroke/>
            <strokecolor color="#2c457e"/>
            <strokewidth width="4"/>
            <fillcolor color="none"/>
            <ellipse x="14" y="14" w="10" h="10"/>
            <stroke/>
            <linecap cap="round"/>
            <path>
                <move x="27" y="30"/>
                <line x="22" y="23"/>
            </path>
            <stroke/>
            <fontsize size="14"/>
            <fontstyle style="1"/>
            <fontcolor color="#2c457e"/>
            <text str="Search" x="272" y="22" valign="middle" halign="center"/>
        </foreground>
    </shape>
    <shape name="Security" h="96.84565353393555" w="78" aspect="1">
        <foreground>
            <strokecolor color="#000000"/>
            <strokecolor color="#000000"/>
            <strokewidth width="2"/>
            <fillcolor color="#ed9d01"/>
            <roundrect x="0" y="38.34565353393555" w="78" h="58.5" arcsize="7.478632478632479"/>
            <fillstroke/>
            <fillcolor color="#929da8"/>
            <path>
                <move x="7.5" y="38.34565353393555"/>
                <line x="7.5" y="27.345653533935547"/>
                <arc rx="31.7" ry="30.8" x-axis-rotation="0" large-arc-flag="0" sweep-flag="1" x="70.5" y="27.345653533935547"/>
                <line x="70.5" y="38.34565353393555"/>
                <line x="56.5" y="38.34565353393555"/>
                <line x="56.5" y="27.345653533935547"/>
                <arc rx="18" ry="18" x-axis-rotation="0" large-arc-flag="0" sweep-flag="0" x="21.5" y="27.345653533935547"/>
                <line x="21.5" y="38.34565353393555"/>
                <close/>
            </path>
            <fillstroke/>
            <strokecolor color="none"/>
            <strokewidth width="1"/>
            <fillcolor color="#ffc800"/>
            <roundrect x="9" y="46.84565353393555" w="60" h="42" arcsize="10.119047619047619"/>
            <fillstroke/>
            <strokecolor color="#000000"/>
            <strokewidth width="4"/>
            <fillcolor color="none"/>
            <path>
                <move x="39" y="76.84565353393555"/>
                <line x="39" y="68.84565353393555"/>
            </path>
            <stroke/>
            <strokewidth width="2"/>
            <fillcolor color="#000000"/>
            <ellipse x="34" y="58.84565353393555" w="10" h="10"/>
            <fillstroke/>
        </foreground>
    </shape>
    <shape name="Sign In" h="350" w="250" aspect="1">
        <foreground>
            <strokecolor color="#000000"/>
            <fillcolor color="#fafafa"/>
            <linecap cap="round"/>
            <roundrect x="0" y="0" w="250" h="350" arcsize="1.71"/>
            <fillstroke/>
            <strokecolor color="#2c457e"/>
            <strokewidth width="3"/>
            <fillcolor color="none"/>
            <path>
                <move x="10" y="50"/>
                <line x="240" y="50"/>
            </path>
            <stroke/>
            <strokecolor color="#000000"/>
            <strokewidth width="1"/>
            <fillcolor color="#2c457e"/>
            <roundrect x="15" y="200" w="81" h="25" arcsize="7.85"/>
            <fillstroke/>
            <fillcolor color="#ffffff"/>
            <rect x="15" y="90" w="180" h="23"/>
            <fillstroke/>
            <strokecolor color="#2c457e"/>
            <strokewidth width="3"/>
            <fillcolor color="none"/>
            <path>
                <move x="10" y="260"/>
                <line x="240" y="260"/>
            </path>
            <stroke/>
            <strokecolor color="#000000"/>
            <strokewidth width="1"/>
            <fillcolor color="#2c457e"/>
            <roundrect x="15" y="300" w="81" h="25" arcsize="7.85"/>
            <fillstroke/>
            <fillcolor color="#ffffff"/>
            <rect x="15" y="150" w="180" h="23"/>
            <fillstroke/>
            <fillcolor color="none"/>
            <roundrect x="0" y="0" w="250" h="350" arcsize="1.71"/>
            <stroke/>
            <fillcolor color="#000000"/>
            <path>
                <ellipse w="10" h="10" x="20" y="157"/>
            </path>
            <fillstroke/>
            <path>
                <ellipse w="10" h="10" x="35" y="157"/>
            </path>
            <fillstroke/>
            <path>
                <ellipse w="10" h="10" x="50" y="157"/>
            </path>
            <fillstroke/>
            <path>
                <ellipse w="10" h="10" x="65" y="157"/>
            </path>
            <fillstroke/>
            <path>
                <ellipse w="10" h="10" x="80" y="157"/>
            </path>
            <fillstroke/>
            <path>
                <ellipse w="10" h="10" x="95" y="157"/>
            </path>
            <fillstroke/>
            <fontcolor color="#2c457e"/>
            <fontsize size="14"/>
            <fontstyle style="1"/>
            <text str="Sign In" x="15" y="35" align="left" valign="middle"/>
            <fontcolor color="#ffffff"/>
            <text str="SIGN IN" x="54" y="212" align="center" valign="middle"/>
            <text str="SIGN UP" x="54" y="313" align="center" valign="middle"/>
            <fontcolor color="#000000"/>
            <fontsize size="12"/>
            <text str="User Name:" x="15" y="80" align="left" valign="middle"/>
            <text str="Password:" x="15" y="140" align="left" valign="middle"/>
            <text str="New User" x="15" y="280" align="left" valign="middle"/>
            <fontstyle style="0"/>
            <text str="johndoe" x="20" y="100" align="left" valign="middle"/>
            <fontstyle style="2"/>
            <fontcolor color="#0000ff"/>
            <text str="Forgot password?" x="20" y="240" align="left" valign="middle"/>
            <strokecolor color="#0000ff"/>
            <path>
                <move x="18" y="247"/>
                <line x="115" y="247"/>
            </path>
            <stroke/>
        </foreground>
    </shape>
    <shape name="Sign Up" h="270" w="400" aspect="1">
        <foreground>
            <strokecolor color="#000000"/>
            <fillcolor color="#fafafa"/>
            <roundrect x="0" y="0" w="400" h="270" arcsize="1.5509259259259258"/>
            <fillstroke/>
            <strokecolor color="#2c457e"/>
            <strokewidth width="3"/>
            <fillcolor color="none"/>
            <linecap cap="round"/>
            <path>
                <move x="10" y="50"/>
                <line x="390" y="50"/>
            </path>
            <stroke/>
            <strokecolor color="#000000"/>
            <strokewidth width="1"/>
            <fillcolor color="#2c457e"/>
            <linecap cap="butt"/>
            <roundrect x="300" y="229" w="81" h="25" arcsize="7.851851851851851"/>
            <fillstroke/>
            <fillcolor color="#ffffff"/>
            <rect x="150" y="70" w="180" h="23"/>
            <fillstroke/>
            <rect x="150" y="110" w="180" h="23"/>
            <fillstroke/>
            <fillcolor color="none"/>
            <roundrect x="0" y="0" w="400" h="270" arcsize="1.5509259259259258"/>
            <stroke/>
            <fillcolor color="#ffffff"/>
            <rect x="150" y="150" w="180" h="23"/>
            <fillstroke/>
            <rect x="150" y="190" w="180" h="23"/>
            <fillstroke/>
            <rect x="150" y="235" w="10" h="10"/>
            <fillstroke/>
            <fillcolor color="#000000"/>
            <path>
                <ellipse w="10" h="10" x="160" y="157"/>
            </path>
            <fillstroke/>
            <path>
                <ellipse w="10" h="10" x="175" y="157"/>
            </path>
            <fillstroke/>
            <path>
                <ellipse w="10" h="10" x="190" y="157"/>
            </path>
            <fillstroke/>
            <path>
                <ellipse w="10" h="10" x="205" y="157"/>
            </path>
            <fillstroke/>
            <path>
                <ellipse w="10" h="10" x="220" y="157"/>
            </path>
            <fillstroke/>
            <path>
                <ellipse w="10" h="10" x="235" y="157"/>
            </path>
            <fillstroke/>
            <path>
                <ellipse w="10" h="10" x="160" y="197"/>
            </path>
            <fillstroke/>
            <path>
                <ellipse w="10" h="10" x="175" y="197"/>
            </path>
            <fillstroke/>
            <path>
                <ellipse w="10" h="10" x="190" y="197"/>
            </path>
            <fillstroke/>
            <path>
                <ellipse w="10" h="10" x="205" y="197"/>
            </path>
            <fillstroke/>
            <path>
                <ellipse w="10" h="10" x="220" y="197"/>
            </path>
            <fillstroke/>
            <path>
                <ellipse w="10" h="10" x="235" y="197"/>
            </path>
            <fillstroke/>
            <fontcolor color="#2c457e"/>
            <fontsize size="14"/>
            <fontstyle style="1"/>
            <text str="Sign Up" x="15" y="35" align="left" valign="middle"/>
            <fontcolor color="#ffffff"/>
            <text str="SIGN UP" x="340" y="241" align="center" valign="middle"/>
            <fontcolor color="#000000"/>
            <fontsize size="12"/>
            <text str="Login name:" x="140" y="82" align="right" valign="middle"/>
            <text str="E-mail:" x="140" y="122" align="right" valign="middle"/>
            <text str="Password:" x="140" y="162" align="right" valign="middle"/>
            <text str="Confirm password:" x="140" y="202" align="right" valign="middle"/>
            <fontstyle style="0"/>
            <text str="johndoe" x="155" y="82" align="left" valign="middle"/>
            <text str="jdoe@default.net" x="155" y="122" align="left" valign="middle"/>
            <fontstyle style="3"/>
            <fontsize size="13"/>
            <text str="Remember me" x="165" y="240" align="left" valign="middle"/>
        </foreground>
    </shape>
    <shape name="Star Rating" h="33.75" w="213.5" aspect="1">
        <foreground>
            <strokecolor color="#000000"/>
            <strokecolor color="#999999"/>
            <fillcolor color="#ffff00"/>
            <path>
                <move x="0" y="12.283332999999999"/>
                <line x="12.739999999999998" y="12.283332999999999"/>
                <line x="16.625" y="0"/>
                <line x="20.510002" y="12.283332999999999"/>
                <line x="33.25" y="12.283332999999999"/>
                <line x="23.100002000000003" y="20.509445"/>
                <line x="27.125010000000003" y="33.5"/>
                <line x="16.625" y="25.46"/>
                <line x="6.12499" y="33.5"/>
                <line x="10.149998" y="20.509445"/>
                <close/>
            </path>
            <fillstroke/>
            <path>
                <move x="45.5" y="12.533332999999999"/>
                <line x="58.239999999999995" y="12.533332999999999"/>
                <line x="62.125" y="0.25"/>
                <line x="66.01" y="12.533332999999999"/>
                <line x="78.75" y="12.533332999999999"/>
                <line x="68.600006" y="20.759445"/>
                <line x="72.625015" y="33.75"/>
                <line x="62.125" y="25.71"/>
                <line x="51.62499" y="33.75"/>
                <line x="55.64999400000001" y="20.759445"/>
                <close/>
            </path>
            <fillstroke/>
            <path>
                <move x="90.25" y="12.533332999999999"/>
                <line x="102.99" y="12.533332999999999"/>
                <line x="106.875" y="0.25"/>
                <line x="110.76" y="12.533332999999999"/>
                <line x="123.5" y="12.533332999999999"/>
                <line x="113.350006" y="20.759445"/>
                <line x="117.37502" y="33.75"/>
                <line x="106.875" y="25.71"/>
                <line x="96.37499" y="33.75"/>
                <line x="100.399994" y="20.759445"/>
                <close/>
            </path>
            <fillstroke/>
            <path>
                <move x="135.25" y="12.533332999999999"/>
                <line x="147.99" y="12.533332999999999"/>
                <line x="151.875" y="0.25"/>
                <line x="155.76001" y="12.533332999999999"/>
                <line x="168.5" y="12.533332999999999"/>
                <line x="158.35" y="20.759445"/>
                <line x="162.37502" y="33.75"/>
                <line x="151.875" y="25.71"/>
                <line x="141.37498" y="33.75"/>
                <line x="145.4" y="20.759445"/>
                <close/>
            </path>
            <fillstroke/>
            <fillcolor color="#ffffff"/>
            <path>
                <move x="180.25" y="12.283332999999999"/>
                <line x="192.99" y="12.283332999999999"/>
                <line x="196.875" y="0"/>
                <line x="200.76001" y="12.283332999999999"/>
                <line x="213.5" y="12.283332999999999"/>
                <line x="203.35" y="20.509445"/>
                <line x="207.37502" y="33.5"/>
                <line x="196.875" y="25.46"/>
                <line x="186.37498" y="33.5"/>
                <line x="190.4" y="20.509445"/>
                <close/>
            </path>
            <fillstroke/>
        </foreground>
    </shape>
    <shape name="Vertical Splitter" h="250" w="24" aspect="1">
        <foreground>
            <strokecolor color="none"/>
            <fillcolor color="#fafafa"/>
            <path>
                <move x="24" y="0"/>
                <line x="0" y="0"/>
                <line x="0" y="250"/>
                <line x="24" y="250"/>
                <close/>
            </path>
            <fillstroke/>
            <strokecolor color="#2c457e"/>
            <fillcolor color="none"/>
            <path>
                <move x="24" y="0"/>
                <line x="24" y="250"/>
            </path>
            <stroke/>
            <path>
                <move x="0" y="0"/>
                <line x="0" y="250"/>
            </path>
            <stroke/>
            <strokecolor color="#000000"/>
            <fillcolor color="#2c457e"/>
            <path>
                <move x="16" y="95"/>
                <line x="8" y="95"/>
                <arc rx="3" ry="3" x-axis-rotation="90" large-arc-flag="0" sweep-flag="0" x="5" y="98"/>
                <line x="5" y="117"/>
                <arc rx="3" ry="3" x-axis-rotation="90" large-arc-flag="0" sweep-flag="0" x="8" y="120"/>
                <line x="16" y="120"/>
                <arc rx="3" ry="3" x-axis-rotation="90" large-arc-flag="0" sweep-flag="0" x="19" y="117"/>
                <line x="19" y="98"/>
                <arc rx="3" ry="3" x-axis-rotation="90" large-arc-flag="0" sweep-flag="0" x="16" y="95"/>
                <close/>
            </path>
            <fillstroke/>
            <path>
                <move x="16" y="130"/>
                <line x="8" y="130"/>
                <arc rx="3" ry="3" x-axis-rotation="90" large-arc-flag="0" sweep-flag="0" x="5" y="133"/>
                <line x="5" y="152"/>
                <arc rx="3" ry="3" x-axis-rotation="90" large-arc-flag="0" sweep-flag="0" x="8" y="155"/>
                <line x="16" y="155"/>
                <arc rx="3" ry="3" x-axis-rotation="90" large-arc-flag="0" sweep-flag="0" x="19" y="152"/>
                <line x="19" y="133"/>
                <arc rx="3" ry="3" x-axis-rotation="90" large-arc-flag="0" sweep-flag="0" x="16" y="130"/>
                <close/>
            </path>
            <fillstroke/>
            <strokecolor color="#ffffff"/>
            <fillcolor color="#ffffff"/>
            <linejoin join="round"/>
            <path>
                <move x="9" y="113"/>
                <line x="9" y="102"/>
                <line x="16" y="107.5"/>
                <close/>
            </path>
            <fillstroke/>
            <path>
                <move x="16" y="148"/>
                <line x="16" y="137"/>
                <line x="9" y="142.5"/>
                <close/>
            </path>
            <fillstroke/>
        </foreground>
    </shape>
    <shape name="Video" h="270" w="400" aspect="1">
        <foreground>
            <strokecolor color="#000000"/>
            <fillcolor color="#fafafa"/>
            <roundrect x="0" y="0" w="400" h="270" arcsize="1.5509259259259258"/>
            <fillstroke/>
            <strokecolor color="#2c457e"/>
            <strokewidth width="3"/>
            <fillcolor color="none"/>
            <linecap cap="round"/>
            <path>
                <move x="10" y="20"/>
                <line x="390" y="20"/>
            </path>
            <stroke/>
            <strokecolor color="#000000"/>
            <strokewidth width="1"/>
            <linecap cap="butt"/>
            <roundrect x="0" y="0" w="400" h="270" arcsize="1.5509259259259258"/>
            <stroke/>
            <fillcolor color="#999999"/>
            <linejoin join="round"/>
            <rect x="10" y="30" w="380" h="200"/>
            <fillstroke/>
            <strokewidth width="4"/>
            <fillcolor color="#cccccc"/>
            <path>
                <move x="180" y="110"/>
                <line x="220" y="130"/>
                <line x="180" y="150"/>
                <close/>
            </path>
            <fillstroke/>
            <strokecolor color="#999999"/>
            <strokewidth width="1"/>
            <fillcolor color="#999999"/>
            <linejoin join="miter"/>
            <ellipse x="10" y="235" w="30" h="30"/>
            <fillstroke/>
            <ellipse x="45" y="235" w="30" h="30"/>
            <fillstroke/>
            <ellipse x="80" y="235" w="30" h="30"/>
            <fillstroke/>
            <ellipse x="115" y="235" w="30" h="30"/>
            <fillstroke/>
            <ellipse x="150" y="235" w="30" h="30"/>
            <fillstroke/>
            <strokewidth width="4"/>
            <fillcolor color="none"/>
            <linecap cap="round"/>
            <path>
                <move x="190" y="250"/>
                <line x="320" y="250"/>
            </path>
            <stroke/>
            <strokewidth width="1"/>
            <fillcolor color="#999999"/>
            <linecap cap="butt"/>
            <ellipse x="195" y="245" w="10" h="10"/>
            <fillstroke/>
            <strokecolor color="#cccccc"/>
            <strokewidth width="2"/>
            <fillcolor color="#cccccc"/>
            <linejoin join="round"/>
            <path>
                <move x="25" y="244"/>
                <line x="25" y="256"/>
                <line x="16" y="250"/>
                <close/>
            </path>
            <fillstroke/>
            <path>
                <move x="35" y="244"/>
                <line x="35" y="256"/>
                <line x="26" y="250"/>
                <close/>
            </path>
            <fillstroke/>
            <fillcolor color="none"/>
            <linejoin join="miter"/>
            <linecap cap="round"/>
            <path>
                <move x="15" y="244"/>
                <line x="15" y="256"/>
            </path>
            <stroke/>
            <fillcolor color="#cccccc"/>
            <linejoin join="round"/>
            <linecap cap="butt"/>
            <path>
                <move x="59" y="244"/>
                <line x="59" y="256"/>
                <line x="50" y="250"/>
                <close/>
            </path>
            <fillstroke/>
            <path>
                <move x="69" y="244"/>
                <line x="69" y="256"/>
                <line x="60" y="250"/>
                <close/>
            </path>
            <fillstroke/>
            <fillcolor color="none"/>
            <linejoin join="miter"/>
            <linecap cap="round"/>
            <path>
                <move x="15" y="244"/>
                <line x="15" y="256"/>
            </path>
            <stroke/>
            <fillcolor color="#cccccc"/>
            <linejoin join="round"/>
            <linecap cap="butt"/>
            <path>
                <move x="90" y="240"/>
                <line x="90" y="260"/>
                <line x="105" y="250"/>
                <close/>
            </path>
            <fillstroke/>
            <path>
                <move x="130" y="244"/>
                <line x="130" y="256"/>
                <line x="139" y="250"/>
                <close/>
            </path>
            <fillstroke/>
            <fillcolor color="none"/>
            <linejoin join="miter"/>
            <linecap cap="round"/>
            <path>
                <move x="175" y="244"/>
                <line x="175" y="256"/>
            </path>
            <stroke/>
            <fillcolor color="#cccccc"/>
            <linejoin join="round"/>
            <linecap cap="butt"/>
            <path>
                <move x="120" y="244"/>
                <line x="120" y="256"/>
                <line x="129" y="250"/>
                <close/>
            </path>
            <fillstroke/>
            <path>
                <move x="165" y="244"/>
                <line x="165" y="256"/>
                <line x="174" y="250"/>
                <close/>
            </path>
            <fillstroke/>
            <path>
                <move x="155" y="244"/>
                <line x="155" y="256"/>
                <line x="164" y="250"/>
                <close/>
            </path>
            <fillstroke/>
            <strokecolor color="#999999"/>
            <strokewidth width="1"/>
            <fillcolor color="#999999"/>
            <path>
                <move x="330" y="245"/>
                <line x="330" y="255"/>
                <line x="335" y="255"/>
                <line x="340" y="260"/>
                <line x="340" y="240"/>
                <line x="335" y="245"/>
                <close/>
            </path>
            <fillstroke/>
            <fillcolor color="none"/>
            <linecap cap="round"/>
            <rect x="370" y="245" w="15" h="10"/>
            <stroke/>
            <path>
                <move x="345" y="250"/>
                <line x="352" y="250"/>
            </path>
            <stroke/>
            <path>
                <move x="344" y="244"/>
                <line x="350" y="241"/>
            </path>
            <stroke/>
            <path>
                <move x="344" y="256"/>
                <line x="350" y="259"/>
            </path>
            <stroke/>
            <path>
                <move x="365" y="242"/>
                <line x="368" y="244"/>
            </path>
            <stroke/>
            <path>
                <move x="367" y="242"/>
                <line x="365" y="242"/>
                <line x="365" y="243.5"/>
                <close/>
            </path>
            <stroke/>
            <path>
                <move x="365" y="256.5"/>
                <line x="365" y="258"/>
                <line x="367" y="258"/>
                <close/>
            </path>
            <stroke/>
            <path>
                <move x="388" y="258"/>
                <line x="390" y="258"/>
                <line x="390" y="256.5"/>
                <close/>
            </path>
            <stroke/>
            <path>
                <move x="390" y="243.5"/>
                <line x="390" y="242"/>
                <line x="388" y="242"/>
                <close/>
            </path>
            <stroke/>
            <path>
                <move x="368" y="256"/>
                <line x="365" y="258"/>
            </path>
            <stroke/>
            <path>
                <move x="387" y="256"/>
                <line x="390" y="258"/>
            </path>
            <stroke/>
            <path>
                <move x="387" y="244"/>
                <line x="390" y="242"/>
            </path>
            <stroke/>
            <strokecolor color="#000000"/>
            <strokewidth width="2"/>
            <linejoin join="miter"/>
            <path>
                <move x="390" y="15"/>
                <line x="380" y="5"/>
            </path>
            <stroke/>
            <path>
                <move x="390" y="5"/>
                <line x="380" y="15"/>
            </path>
            <stroke/>
            <fontsize size="14"/>
            <fontstyle style="1"/>
            <text str="Video Name" x="15" y="10" align="left" valign="middle"/>
        </foreground>
    </shape>
    <shape name="Warning Icon" h="32" w="32" aspect="1">
        <foreground>
            <strokecolor color="#000000"/>
            <strokecolor color="#000000"/>
            <fillcolor color="#ffff00"/>
            <linejoin join="round"/>
            <path>
                <move x="0" y="32"/>
                <line x="16" y="0"/>
                <line x="32" y="32"/>
                <close/>
            </path>
            <fillstroke/>
            <strokecolor color="none"/>
            <fillcolor color="#000000"/>
            <linejoin join="miter"/>
            <ellipse x="14" y="25" w="4" h="4"/>
            <fillstroke/>
            <strokecolor color="#000000"/>
            <strokewidth width="3.5"/>
            <fillcolor color="none"/>
            <linecap cap="round"/>
            <path>
                <move x="16" y="21"/>
                <line x="16" y="11"/>
            </path>
            <stroke/>
        </foreground>
    </shape>
</shapes>