<shapes name="mxGraph.electrical.abstract">
<shape name="Amplifier" h="90" w="100" aspect="variable" strokewidth="inherit">
<connections>
<constraint x="0" y="0.5" perimeter="0" name="in"/>
<constraint x="1" y="0.5" perimeter="0" name="out"/>
</connections>
<background>
<path>
<move x="5" y="0"/>
<line x="98" y="45"/>
<line x="5" y="90"/>
<close/>
</path>
</background>
<foreground>
<fillstroke/>
<path>
<move x="0" y="45"/>
<line x="5" y="45"/>
</path>
<stroke/>
<path>
<move x="98" y="45"/>
<line x="100" y="45"/>
</path>
<stroke/>
</foreground>
</shape>
<shape name="Controlled Amplifier" h="90" w="100" aspect="variable" strokewidth="inherit">
<connections>
<constraint x="0.6" y="0.95" perimeter="0" name="control"/>
<constraint x="0" y="0.5" perimeter="0" name="in"/>
<constraint x="1" y="0.5" perimeter="0" name="out"/>
</connections>
<background>
<path>
<move x="5" y="0"/>
<line x="98" y="45"/>
<line x="5" y="90"/>
<close/>
</path>
</background>
<foreground>
<fillstroke/>
<path>
<move x="0" y="45"/>
<line x="5" y="45"/>
</path>
<stroke/>
<path>
<move x="98" y="45"/>
<line x="100" y="45"/>
</path>
<stroke/>
<path>
<move x="60" y="85"/>
<line x="60" y="63.5"/>
</path>
<stroke/>
<path>
<move x="57" y="68"/>
<line x="60" y="64"/>
<line x="63" y="68"/>
<close/>
</path>
<fillstroke/>
</foreground>
</shape>
<shape name="DAC" h="46" w="70" aspect="variable" strokewidth="inherit">
<connections>
<constraint x="0" y="0.5" perimeter="0" name="in"/>
<constraint x="1" y="0.5" perimeter="0" name="out"/>
</connections>
<background>
<path>
<move x="0" y="0"/>
<line x="45" y="0"/>
<line x="70" y="23"/>
<line x="45" y="46"/>
<line x="0" y="46"/>
<close/>
</path>
</background>
<foreground>
<fillstroke/>
</foreground>
</shape>
<shape name="Delta" h="50" w="50" aspect="variable" strokewidth="inherit">
<connections>
<constraint x="0.5" y="0" perimeter="0" name="N"/>
<constraint x="0.5" y="1" perimeter="0" name="S"/>
<constraint x="0" y="0.5" perimeter="0" name="W"/>
<constraint x="1" y="0.5" perimeter="0" name="E"/>
<constraint x="0.145" y="0.145" perimeter="0" name="NW"/>
<constraint x="0.145" y="0.855" perimeter="0" name="SW"/>
<constraint x="0.855" y="0.145" perimeter="0" name="NE"/>
<constraint x="0.855" y="0.855" perimeter="0" name="SE"/>
</connections>
<background>
<ellipse x="0" y="0" w="50" h="50"/>
</background>
<foreground>
<fillstroke/>
<path>
<move x="15" y="35"/>
<line x="25" y="15"/>
<line x="35" y="35"/>
<close/>
</path>
<stroke/>
</foreground>
</shape>
<shape name="Filter" h="46" w="52" aspect="variable" strokewidth="inherit">
<connections>
<constraint x="0.5" y="0" perimeter="0" name="in2"/>
<constraint x="0.5" y="1" perimeter="0" name="out2"/>
<constraint x="0" y="0.5" perimeter="0" name="in1"/>
<constraint x="1" y="0.5" perimeter="0" name="out1"/>
</connections>
<background>
<rect x="0" y="0" w="52" h="46"/>
</background>
<foreground>
<fillstroke/>
<path>
<move x="6" y="23"/>
<arc rx="15" ry="15" x-axis-rotation="0" large-arc-flag="0" sweep-flag="1" x="26" y="23"/>
<arc rx="15" ry="15" x-axis-rotation="0" large-arc-flag="0" sweep-flag="0" x="46" y="23"/>
</path>
<stroke/>
<path>
<move x="6" y="13"/>
<arc rx="15" ry="15" x-axis-rotation="0" large-arc-flag="0" sweep-flag="1" x="26" y="13"/>
<arc rx="15" ry="15" x-axis-rotation="0" large-arc-flag="0" sweep-flag="0" x="46" y="13"/>
</path>
<stroke/>
<path>
<move x="6" y="33"/>
<arc rx="15" ry="15" x-axis-rotation="0" large-arc-flag="0" sweep-flag="1" x="26" y="33"/>
<arc rx="15" ry="15" x-axis-rotation="0" large-arc-flag="0" sweep-flag="0" x="46" y="33"/>
</path>
<stroke/>
<path>
<move x="22" y="35"/>
<line x="28" y="29"/>
</path>
<stroke/>
<path>
<move x="22" y="15"/>
<line x="28" y="9"/>
</path>
<stroke/>
</foreground>
</shape>
<shape name="Function" h="50" w="50" aspect="variable" strokewidth="inherit">
<connections>
<constraint x="0.5" y="0" perimeter="0" name="in2"/>
<constraint x="0.5" y="1" perimeter="0" name="out2"/>
<constraint x="0" y="0.5" perimeter="0" name="in1"/>
<constraint x="1" y="0.5" perimeter="0" name="out1"/>
</connections>
<background>
<ellipse x="0" y="0" w="50" h="50"/>
</background>
<foreground>
<fillstroke/>
<fontcolor color="#000000"/>
<fontsize size="24"/>
<text str="fn" x="25" y="35" align="center" valign="bottom"/>
</foreground>
</shape>
<shape name="Integrator" h="50" w="50" aspect="variable" strokewidth="inherit">
<connections>
<constraint x="0.5" y="0" perimeter="0" name="in2"/>
<constraint x="0.5" y="1" perimeter="0" name="out2"/>
<constraint x="0" y="0.5" perimeter="0" name="in1"/>
<constraint x="1" y="0.5" perimeter="0" name="out1"/>
</connections>
<background>
<ellipse x="0" y="0" w="50" h="50"/>
</background>
<foreground>
<fillstroke/>
<path>
<move x="20" y="35"/>
<arc rx="2.5" ry="2.5" x-axis-rotation="0" large-arc-flag="0" sweep-flag="0" x="25" y="35"/>
<line x="25" y="15"/>
<arc rx="2.5" ry="2.5" x-axis-rotation="0" large-arc-flag="0" sweep-flag="1" x="30" y="15"/>
</path>
<stroke/>
</foreground>
</shape>
<shape name="Multiplier" h="50" w="50" aspect="variable" strokewidth="inherit">
<connections>
<constraint x="0.5" y="0" perimeter="0" name="in2"/>
<constraint x="0.5" y="1" perimeter="0" name="out2"/>
<constraint x="0" y="0.5" perimeter="0" name="in1"/>
<constraint x="1" y="0.5" perimeter="0" name="out1"/>
</connections>
<background>
<ellipse x="0" y="0" w="50" h="50"/>
</background>
<foreground>
<fillstroke/>
<path>
<move x="7.2" y="7.2"/>
<line x="42.8" y="42.8"/>
</path>
<stroke/>
<path>
<move x="42.8" y="7.2"/>
<line x="7.2" y="42.8"/>
</path>
<stroke/>
</foreground>
</shape>
<shape name="Mux-Demux" h="90" w="60" aspect="variable" strokewidth="inherit">
<connections>
<constraint x="0" y="0.055" perimeter="0" name="in1"/>
<constraint x="0" y="0.165" perimeter="0" name="in2"/>
<constraint x="0" y="0.275" perimeter="0" name="in3"/>
<constraint x="0" y="0.39" perimeter="0" name="in4"/>
<constraint x="0" y="0.5" perimeter="0" name="in5"/>
<constraint x="0" y="0.61" perimeter="0" name="in6"/>
<constraint x="0" y="0.72" perimeter="0" name="in7"/>
<constraint x="0" y="0.835" perimeter="0" name="in8"/>
<constraint x="0" y="0.945" perimeter="0" name="in9"/>
<constraint x="1" y="0.5" perimeter="0" name="out"/>
<constraint x="0.5" y="1" perimeter="0" name="control"/>
</connections>
<background>
<path>
<move x="10" y="0"/>
<line x="50" y="20"/>
<line x="50" y="70"/>
<line x="10" y="90"/>
<close/>
</path>
</background>
<foreground>
<fillstroke/>
<path>
<move x="30" y="80"/>
<line x="30" y="90"/>
</path>
<stroke/>
<path>
<move x="50" y="45"/>
<line x="60" y="45"/>
</path>
<stroke/>
<path>
<move x="0" y="85"/>
<line x="10" y="85"/>
</path>
<stroke/>
<path>
<move x="0" y="75"/>
<line x="10" y="75"/>
</path>
<stroke/>
<path>
<move x="0" y="65"/>
<line x="10" y="65"/>
</path>
<stroke/>
<path>
<move x="0" y="55"/>
<line x="10" y="55"/>
</path>
<stroke/>
<path>
<move x="0" y="45"/>
<line x="10" y="45"/>
</path>
<stroke/>
<path>
<move x="0" y="35"/>
<line x="10" y="35"/>
</path>
<stroke/>
<path>
<move x="0" y="25"/>
<line x="10" y="25"/>
</path>
<stroke/>
<path>
<move x="0" y="15"/>
<line x="10" y="15"/>
</path>
<stroke/>
<path>
<move x="0" y="5"/>
<line x="10" y="5"/>
</path>
<stroke/>
</foreground>
</shape>
<shape name="Operational Amp 1" h="90" w="98" aspect="variable" strokewidth="inherit">
<connections>
<constraint x="0" y="0.165" perimeter="0" name="in-"/>
<constraint x="0" y="0.835" perimeter="0" name="in+"/>
<constraint x="1" y="0.5" perimeter="0" name="out"/>
<constraint x="0.612" y="0.11" perimeter="0" name="control1"/>
<constraint x="0.612" y="0.89" perimeter="0" name="control2"/>
</connections>
<background>
<path>
<move x="5" y="0"/>
<line x="98" y="45"/>
<line x="5" y="90"/>
<close/>
</path>
</background>
<foreground>
<fillstroke/>
<path>
<move x="0" y="15"/>
<line x="5" y="15"/>
</path>
<stroke/>
<path>
<move x="0" y="75"/>
<line x="5" y="75"/>
</path>
<stroke/>
<path>
<move x="60" y="10"/>
<line x="60" y="26.5"/>
</path>
<stroke/>
<path>
<move x="60" y="63.5"/>
<line x="60" y="80"/>
</path>
<stroke/>
<path>
<move x="8" y="15"/>
<line x="14" y="15"/>
</path>
<stroke/>
<path>
<move x="8" y="75"/>
<line x="14" y="75"/>
</path>
<stroke/>
<path>
<move x="11" y="72"/>
<line x="11" y="78"/>
</path>
<stroke/>
</foreground>
</shape>
<shape name="Operational Amp 2" h="90" w="98" aspect="variable" strokewidth="inherit">
<connections>
<constraint x="0" y="0.165" perimeter="0" name="in-"/>
<constraint x="0" y="0.835" perimeter="0" name="in+"/>
<constraint x="1" y="0.5" perimeter="0" name="out"/>
<constraint x="0.408" y="0.05" perimeter="0" name="control1"/>
<constraint x="0.408" y="0.95" perimeter="0" name="control2"/>
<constraint x="0.815" y="0.292" perimeter="0" name="out+"/>
<constraint x="0.815" y="0.708" perimeter="0" name="out-"/>
</connections>
<background>
<path>
<move x="5" y="0"/>
<line x="98" y="45"/>
<line x="5" y="90"/>
<close/>
</path>
</background>
<foreground>
<fillstroke/>
<path>
<move x="0" y="15"/>
<line x="5" y="15"/>
</path>
<stroke/>
<path>
<move x="0" y="75"/>
<line x="5" y="75"/>
</path>
<stroke/>
<path>
<move x="80" y="26.5"/>
<line x="60" y="26.5"/>
</path>
<stroke/>
<path>
<move x="60" y="63.5"/>
<line x="80" y="63.5"/>
</path>
<stroke/>
<path>
<move x="8" y="15"/>
<line x="14" y="15"/>
</path>
<stroke/>
<path>
<move x="8" y="75"/>
<line x="14" y="75"/>
</path>
<stroke/>
<path>
<move x="11" y="72"/>
<line x="11" y="78"/>
</path>
<stroke/>
<path>
<move x="40" y="5"/>
<line x="40" y="17"/>
</path>
<stroke/>
<path>
<move x="40" y="73"/>
<line x="40" y="85"/>
</path>
<stroke/>
<path>
<move x="45" y="28"/>
<line x="51" y="28"/>
</path>
<stroke/>
<path>
<move x="48" y="25"/>
<line x="48" y="31"/>
</path>
<stroke/>
<path>
<move x="45" y="62"/>
<line x="51" y="62"/>
</path>
<stroke/>
</foreground>
</shape>
<shape name="OTA 1" h="90" w="100" aspect="variable" strokewidth="inherit">
<connections>
<constraint x="0" y="0.165" perimeter="0" name="in-"/>
<constraint x="0" y="0.835" perimeter="0" name="in+"/>
<constraint x="1" y="0.5" perimeter="0" name="out"/>
<constraint x="0.4" y="0.05" perimeter="0" name="control1"/>
<constraint x="0.4" y="0.95" perimeter="0" name="control2"/>
</connections>
<background>
<path>
<move x="5" y="90"/>
<line x="5" y="0"/>
<line x="68" y="30.5"/>
<line x="68" y="59.5"/>
<close/>
</path>
</background>
<foreground>
<fillstroke/>
<path>
<move x="0" y="15"/>
<line x="5" y="15"/>
</path>
<stroke/>
<path>
<move x="68" y="45"/>
<line x="100" y="45"/>
</path>
<stroke/>
<path>
<move x="8" y="15"/>
<line x="14" y="15"/>
</path>
<stroke/>
<path>
<move x="8" y="75"/>
<line x="14" y="75"/>
</path>
<stroke/>
<path>
<move x="11" y="72"/>
<line x="11" y="78"/>
</path>
<stroke/>
<path>
<move x="0" y="75"/>
<line x="5" y="75"/>
</path>
<stroke/>
<path>
<move x="40" y="73"/>
<line x="40" y="85"/>
</path>
<stroke/>
<path>
<move x="40" y="5"/>
<line x="40" y="17"/>
</path>
<stroke/>
</foreground>
</shape>
<shape name="OTA 2" h="90" w="100" aspect="variable" strokewidth="inherit">
<connections>
<constraint x="0" y="0.165" perimeter="0" name="in-"/>
<constraint x="0" y="0.835" perimeter="0" name="in+"/>
<constraint x="1" y="0.5" perimeter="0" name="out"/>
<constraint x="0.4" y="0.05" perimeter="0" name="control1"/>
<constraint x="0.4" y="0.95" perimeter="0" name="control2"/>
<constraint x="0.8" y="0.292" perimeter="0" name="out+"/>
<constraint x="0.8" y="0.708" perimeter="0" name="out-"/>
</connections>
<background>
<path>
<move x="5" y="90"/>
<line x="5" y="0"/>
<line x="68" y="30.5"/>
<line x="68" y="59.5"/>
<close/>
</path>
</background>
<foreground>
<fillstroke/>
<path>
<move x="0" y="15"/>
<line x="5" y="15"/>
</path>
<stroke/>
<path>
<move x="68" y="45"/>
<line x="100" y="45"/>
</path>
<stroke/>
<path>
<move x="8" y="15"/>
<line x="14" y="15"/>
</path>
<stroke/>
<path>
<move x="8" y="75"/>
<line x="14" y="75"/>
</path>
<stroke/>
<path>
<move x="11" y="72"/>
<line x="11" y="78"/>
</path>
<stroke/>
<path>
<move x="0" y="75"/>
<line x="5" y="75"/>
</path>
<stroke/>
<path>
<move x="45" y="62"/>
<line x="51" y="62"/>
</path>
<stroke/>
<path>
<move x="45" y="28"/>
<line x="51" y="28"/>
</path>
<stroke/>
<path>
<move x="48" y="25"/>
<line x="48" y="31"/>
</path>
<stroke/>
<path>
<move x="60" y="63.5"/>
<line x="80" y="63.5"/>
</path>
<stroke/>
<path>
<move x="80" y="26.5"/>
<line x="60" y="26.5"/>
</path>
<stroke/>
<path>
<move x="40" y="73"/>
<line x="40" y="85"/>
</path>
<stroke/>
<path>
<move x="40" y="5"/>
<line x="40" y="17"/>
</path>
<stroke/>
</foreground>
</shape>
<shape name="OTA 3" h="90" w="100" aspect="variable" strokewidth="inherit">
<connections>
<constraint x="0" y="0.5" perimeter="0" name="in"/>
<constraint x="1" y="0.5" perimeter="0" name="out"/>
</connections>
<background>
<path>
<move x="5" y="90"/>
<line x="5" y="0"/>
<line x="68" y="30.5"/>
<line x="68" y="59.5"/>
<close/>
</path>
</background>
<foreground>
<fillstroke/>
<path>
<move x="0" y="45"/>
<line x="5" y="45"/>
</path>
<stroke/>
<path>
<move x="68" y="45"/>
<line x="100" y="45"/>
</path>
<stroke/>
</foreground>
</shape>
<shape name="Quantizer" h="46" w="52" aspect="variable" strokewidth="inherit">
<connections>
<constraint x="0.5" y="0" perimeter="0" name="in2"/>
<constraint x="0.5" y="1" perimeter="0" name="out2"/>
<constraint x="0" y="0.5" perimeter="0" name="in1"/>
<constraint x="1" y="0.5" perimeter="0" name="out1"/>
</connections>
<background>
<rect x="0" y="0" w="52" h="46"/>
</background>
<foreground>
<fillstroke/>
<path>
<move x="21" y="33"/>
<line x="26" y="33"/>
<line x="26" y="13"/>
<line x="31" y="13"/>
</path>
<stroke/>
<path>
<move x="21" y="23"/>
<line x="31" y="23"/>
</path>
<stroke/>
</foreground>
</shape>
<shape name="Sum" h="50" w="50" aspect="variable" strokewidth="inherit">
<connections>
<constraint x="0.5" y="0" perimeter="0" name="in2"/>
<constraint x="0.5" y="1" perimeter="0" name="out2"/>
<constraint x="0" y="0.5" perimeter="0" name="in1"/>
<constraint x="1" y="0.5" perimeter="0" name="out1"/>
</connections>
<background>
<ellipse x="0" y="0" w="50" h="50"/>
</background>
<foreground>
<fillstroke/>
<path>
<move x="32" y="35"/>
<line x="18" y="35"/>
<line x="28" y="25"/>
<line x="18" y="15"/>
<line x="32" y="15"/>
</path>
<stroke/>
</foreground>
</shape>
<shape name="Summation Point" h="50" w="50" aspect="variable" strokewidth="inherit">
<connections>
<constraint x="0.5" y="0" perimeter="0" name="in2"/>
<constraint x="0.5" y="1" perimeter="0" name="out2"/>
<constraint x="0" y="0.5" perimeter="0" name="in1"/>
<constraint x="1" y="0.5" perimeter="0" name="out1"/>
</connections>
<background>
<ellipse x="0" y="0" w="50" h="50"/>
</background>
<foreground>
<fillstroke/>
<path>
<move x="25" y="10"/>
<line x="25" y="40"/>
</path>
<stroke/>
<path>
<move x="10" y="25"/>
<line x="40" y="25"/>
</path>
<stroke/>
</foreground>
</shape>
<shape name="Thermistor With Independent Integral Heater" h="94.25" w="100" aspect="variable" strokewidth="inherit">
<connections>
<constraint x="0" y="0.48" perimeter="0" name="in"/>
<constraint x="1" y="0.48" perimeter="0" name="out"/>
<constraint x="0.435" y="1" perimeter="0" name="v-"/>
<constraint x="0.625" y="1" perimeter="0" name="v+"/>
</connections>
<background>
<ellipse x="10" y="5" w="80" h="80"/>
</background>
<foreground>
<fillstroke/>
<path>
<move x="0" y="45"/>
<line x="18" y="45"/>
<line x="22" y="35"/>
<line x="30" y="55"/>
<line x="38" y="35"/>
<line x="46" y="55"/>
<line x="54" y="35"/>
<line x="62" y="55"/>
<line x="70" y="35"/>
<line x="78" y="55"/>
<line x="82" y="45"/>
<line x="100" y="45"/>
</path>
<stroke/>
<path>
<move x="0" y="85"/>
<line x="15" y="85"/>
<line x="23.5" y="75"/>
</path>
<stroke/>
<path>
<move x="43.5" y="93.5"/>
<line x="44" y="84.75"/>
<line x="53.75" y="73"/>
<line x="62.5" y="82.75"/>
<line x="62.75" y="94.25"/>
</path>
<stroke/>
<fontcolor color="#000000"/>
<fontsize size="12"/>
<text str="\temp\" x="54.25" y="19.5" align="center" valign="bottom"/>
<path>
<move x="87" y="0"/>
<line x="75.3" y="14"/>
</path>
<stroke/>
</foreground>
</shape>
<shape name="Voltage Regulator" h="58" w="70" aspect="variable" strokewidth="inherit">
<connections>
<constraint x="0.5" y="1" perimeter="0" name="control"/>
<constraint x="0" y="0.395" perimeter="0" name="in"/>
<constraint x="1" y="0.395" perimeter="0" name="out"/>
</connections>
<background>
<rect x="9" y="0" w="52" h="46"/>
</background>
<foreground>
<fillstroke/>
<path>
<move x="0" y="23"/>
<line x="9" y="23"/>
</path>
<stroke/>
<path>
<move x="35" y="58"/>
<line x="35" y="46"/>
</path>
<stroke/>
<path>
<move x="61" y="23"/>
<line x="70" y="23"/>
</path>
<stroke/>
</foreground>
</shape>
</shapes>