﻿<?xml version="1.0" encoding="utf-8"?>
<publishData>
  <publishProfile publishUrl="http://localhost/SvgWeb" deleteExistingFiles="False" ftpAnonymousLogin="False" ftpPassiveMode="True" msdeploySite="" msdeploySiteID="" msdeployRemoteSitePhysicalPath="" msdeployAllowUntrustedCertificate="False" msdeploySkipExtraFilesOnServer="True" msdeployMarkAsApp="False" profileName="配置文件1" publishMethod="FileSystem" replaceMatchingFiles="True" userName="" savePWD="False" userPWD="" SelectedForPublish="True">
    <file relUrl="mxgraph/examples/orgchart.html" publishTime="09/28/2012 07:43:08" />
    <file relUrl="mxgraph/examples/editors/images/save.gif" publishTime="09/28/2012 07:43:08" />
    <file relUrl="mxgraph/examples/editors/images/connect.gif" publishTime="09/28/2012 07:43:08" />
    <file relUrl="mxgraph/examples/grapheditor/www/stencils/mockup/calendars.xml" publishTime="09/28/2012 07:43:08" />
    <file relUrl="mxgraph/examples/grapheditor/java/src/com/mxgraph/examples/web/Constants.java" publishTime="09/28/2012 07:43:08" />
    <file relUrl="mxgraph/examples/fileio.txt" publishTime="09/28/2012 07:43:08" />
    <file relUrl="mxgraph/devel/source.zip" publishTime="09/28/2012 07:44:24" />
    <file relUrl="mxgraph/examples/editors/images/saveas.gif" publishTime="09/28/2012 07:43:08" />
    <file relUrl="mxgraph/examples/editors/archive/grapheditor/js/LibraryPanel.js" publishTime="09/28/2012 07:43:08" />
    <file relUrl="mxgraph/examples/images/green-dot.gif" publishTime="09/28/2012 07:43:08" />
    <file relUrl="mxgraph/examples/images/icons48/keys.png" publishTime="09/28/2012 07:43:08" />
    <file relUrl="mxgraph/examples/editors/images/symbols/small_link.gif" publishTime="09/28/2012 07:43:08" />
    <file relUrl="resources/default-style.xml" publishTime="08/25/2011 14:57:12" />
    <file relUrl="mxgraph/examples/editors/images/hexagon.gif" publishTime="09/28/2012 07:43:08" />
    <file relUrl="mxgraph/examples/grapheditor/www/stencils/pid/heat_exchangers.xml" publishTime="09/28/2012 07:43:08" />
    <file relUrl="mxgraph/examples/editors/images/classic_end.gif" publishTime="09/28/2012 07:43:08" />
    <file relUrl="mxgraph/examples/uiconfig.html" publishTime="09/28/2012 07:43:08" />
    <file relUrl="mxgraph/examples/editors/images/printer.png" publishTime="09/28/2012 07:43:08" />
    <file relUrl="mxgraph/src/images/button.gif" publishTime="09/28/2012 07:43:08" />
    <file relUrl="mxgraph/examples/grapheditor/www/stencils/clipart/Suit2_128x128.png" publishTime="09/28/2012 07:43:08" />
    <file relUrl="mxgraph/examples/editors/images/swimlane.gif" publishTime="09/28/2012 07:43:08" />
    <file relUrl="mxgraph/examples/grapheditor/www/stencils/clipart/Virus_128x128.png" publishTime="09/28/2012 07:43:08" />
    <file relUrl="mxgraph/examples/grapheditor/www/stencils/clipart/Database_128x128.png" publishTime="09/28/2012 07:43:08" />
    <file relUrl="mxgraph/examples/editors/images/grid.gif" publishTime="09/28/2012 07:43:08" />
    <file relUrl="mxgraph/examples/pagebreaks.html" publishTime="09/28/2012 07:43:08" />
    <file relUrl="mxgraph/examples/stencils.xml" publishTime="09/28/2012 07:43:08" />
    <file relUrl="mxgraph/examples/editors/images/toback.gif" publishTime="09/28/2012 07:43:08" />
    <file relUrl="css/ext-all.css" publishTime="08/25/2011 14:57:12" />
    <file relUrl="mxgraph/examples/grapheditor/www/stencils/clipart/Suit3_128x128.png" publishTime="09/28/2012 07:43:08" />
    <file relUrl="mxgraph/src/images/close.gif" publishTime="09/28/2012 07:43:08" />
    <file relUrl="mxgraph/examples/images/undo.png" publishTime="09/28/2012 07:43:08" />
    <file relUrl="mxgraph/examples/grapheditor/www/stencils/signs/tech.xml" publishTime="09/28/2012 07:43:08" />
    <file relUrl="mxgraph/examples/grapheditor/www/stencils/aws/compute.xml" publishTime="09/28/2012 07:43:08" />
    <file relUrl="mxgraph/examples/grapheditor/www/images/transparent.gif" publishTime="09/28/2012 07:43:08" />
    <file relUrl="mxgraph/examples/images/icons48/mail_new.png" publishTime="09/28/2012 07:43:08" />
    <file relUrl="mxgraph/examples/editors/images/text.gif" publishTime="09/28/2012 07:43:08" />
    <file relUrl="mxgraph/examples/editors/layouteditor.html" publishTime="09/28/2012 07:43:08" />
    <file relUrl="mxgraph/examples/overlays.html" publishTime="09/28/2012 07:43:08" />
    <file relUrl="mxgraph/examples/editors/css/process.css" publishTime="09/28/2012 07:43:08" />
    <file relUrl="mxgraph/examples/editors/images/gear.png" publishTime="09/28/2012 07:43:08" />
    <file relUrl="mxgraph/src/js/mxClient.js" publishTime="09/28/2012 07:44:04" />
    <file relUrl="mxgraph/examples/editors/images/symbols/cancel_intermediate.png" publishTime="09/28/2012 07:43:08" />
    <file relUrl="mxgraph/examples/grapheditor/www/stencils/clipart/iPad_128x128.png" publishTime="09/28/2012 07:43:08" />
    <file relUrl="mxgraph/examples/editors/images/cut.gif" publishTime="09/28/2012 07:43:08" />
    <file relUrl="mxgraph/examples/grapheditor/www/stencils/electrical/signal_sources.xml" publishTime="09/28/2012 07:43:08" />
    <file relUrl="mxgraph/examples/tree.html" publishTime="09/28/2012 07:43:08" />
    <file relUrl="mxgraph/examples/scrollbars.html" publishTime="09/28/2012 07:43:08" />
    <file relUrl="mxgraph/examples/editors/config/keyhandler-commons.xml" publishTime="09/28/2012 07:43:08" />
    <file relUrl="mxgraph/examples/schema.html" publishTime="09/28/2012 07:43:08" />
    <file relUrl="mxgraph/examples/editors/processeditor.html" publishTime="09/28/2012 07:43:08" />
    <file relUrl="mxgraph/examples/editors/diagrameditor.html" publishTime="09/28/2012 07:43:08" />
    <file relUrl="mxgraph/examples/editors/images/middle.gif" publishTime="09/28/2012 07:43:08" />
    <file relUrl="mxgraph/examples/images/toolbar_bg.gif" publishTime="09/28/2012 07:43:08" />
    <file relUrl="workflow.html" publishTime="10/12/2012 09:26:49" />
    <file relUrl="mxgraph/examples/grapheditor/www/js/Actions.js" publishTime="09/28/2012 07:43:08" />
    <file relUrl="mxgraph/examples/grapheditor/www/stencils/signs/nature.xml" publishTime="09/28/2012 07:43:08" />
    <file relUrl="css/explorer.css" publishTime="08/25/2011 14:57:12" />
    <file relUrl="mxgraph/examples/editors/images/symbols/small_message.gif" publishTime="09/28/2012 07:43:08" />
    <file relUrl="mxgraph/examples/editors/images/symbols/small_rule.gif" publishTime="09/28/2012 07:43:08" />
    <file relUrl="mxgraph/examples/editors/images/workplace.png" publishTime="09/28/2012 07:43:08" />
    <file relUrl="mxgraph/examples/grapheditor/www/stencils/signs/animals.xml" publishTime="09/28/2012 07:43:08" />
    <file relUrl="mxgraph/examples/editors/images/underline.gif" publishTime="09/28/2012 07:43:08" />
    <file relUrl="mxgraph/examples/grapheditor/www/stencils/clipart/Laptop_128x128.png" publishTime="09/28/2012 07:43:08" />
    <file relUrl="mxgraph/examples/editors/images/earth.png" publishTime="09/28/2012 07:43:08" />
    <file relUrl="mxgraph/examples/dynamictoolbar.html" publishTime="09/28/2012 07:43:08" />
    <file relUrl="mxgraph/examples/editors/images/outline.gif" publishTime="09/28/2012 07:43:08" />
    <file relUrl="mxgraph/examples/editors/archive/grapheditor/js/DiagramStore.js" publishTime="09/28/2012 07:43:08" />
    <file relUrl="mxgraph/examples/editors/images/server.png" publishTime="09/28/2012 07:43:08" />
    <file relUrl="mxgraph/examples/editors/images/symbols/small_message_intermediate.gif" publishTime="09/28/2012 07:43:08" />
    <file relUrl="mxgraph/examples/grapheditor/www/stencils/mockup/carousel.xml" publishTime="09/28/2012 07:43:08" />
    <file relUrl="mxgraph/examples/grapheditor/www/stencils/arrows.xml" publishTime="09/28/2012 07:43:08" />
    <file relUrl="mxgraph/examples/hierarchicallayout.html" publishTime="09/28/2012 07:43:08" />
    <file relUrl="mxgraph/examples/images/navigate_minus.png" publishTime="09/28/2012 07:43:08" />
    <file relUrl="mxgraph/examples/editors/archive/grapheditor/css/grapheditor.css" publishTime="09/28/2012 07:43:08" />
    <file relUrl="mxgraph/examples/editors/images/symbols/small_fork.gif" publishTime="09/28/2012 07:43:08" />
    <file relUrl="mxgraph/examples/edgetolerance.html" publishTime="09/28/2012 07:43:08" />
    <file relUrl="mxgraph/examples/layers.html" publishTime="09/28/2012 07:43:08" />
    <file relUrl="mxgraph/examples/grapheditor/www/styles/help.css" publishTime="09/28/2012 07:43:08" />
    <file relUrl="mxgraph/examples/stylesheet.html" publishTime="09/28/2012 07:43:08" />
    <file relUrl="mxgraph/examples/editors/images/block_end.gif" publishTime="09/28/2012 07:43:08" />
    <file relUrl="mxgraph/examples/editors/images/open_end.gif" publishTime="09/28/2012 07:43:08" />
    <file relUrl="mxgraph/examples/grapheditor/www/stencils/clipart/Earth_globe_128x128.png" publishTime="09/28/2012 07:43:08" />
    <file relUrl="mxgraph/src/images/expanded.gif" publishTime="09/28/2012 07:43:08" />
    <file relUrl="mxgraph/examples/editors/images/symbols/small_error.gif" publishTime="09/28/2012 07:43:08" />
    <file relUrl="mxgraph/examples/editors/images/redo.gif" publishTime="09/28/2012 07:43:08" />
    <file relUrl="mxgraph/examples/codec.html" publishTime="09/28/2012 07:43:08" />
    <file relUrl="mxgraph/examples/editors/images/diagram.gif" publishTime="09/28/2012 07:43:08" />
    <file relUrl="mxgraph/examples/editors/css/wordpress.css" publishTime="09/28/2012 07:43:08" />
    <file relUrl="mxgraph/examples/editors/images/italic.gif" publishTime="09/28/2012 07:43:08" />
    <file relUrl="mxgraph/examples/editors/images/script.gif" publishTime="09/28/2012 07:43:08" />
    <file relUrl="mxgraph/examples/grapheditor/www/stencils/clipart/Monitor_Tower_128x128.png" publishTime="09/28/2012 07:43:08" />
    <file relUrl="mxgraph/examples/images/press32.png" publishTime="09/28/2012 07:43:08" />
    <file relUrl="mxgraph/examples/secondlabel.html" publishTime="09/28/2012 07:43:08" />
    <file relUrl="mxgraph/examples/perimeter.html" publishTime="09/28/2012 07:43:08" />
    <file relUrl="mxgraph/examples/grapheditor/www/js/EditorUi.js" publishTime="09/28/2012 07:43:08" />
    <file relUrl="mxgraph/examples/grapheditor/www/stencils/electrical/instruments.xml" publishTime="09/28/2012 07:43:08" />
    <file relUrl="mxgraph/debug/js/mxClient.js" publishTime="10/12/2012 09:15:55" />
    <file relUrl="mxgraph/examples/grapheditor/www/open.html" publishTime="09/28/2012 07:43:08" />
    <file relUrl="mxgraph/examples/toolbar.html" publishTime="09/28/2012 07:43:08" />
    <file relUrl="mxgraph/examples/grapheditor/www/stencils/clipart/Piggy_Bank_128x128.png" publishTime="09/28/2012 07:43:08" />
    <file relUrl="mxgraph/examples/editors/images/zoomactual.gif" publishTime="09/28/2012 07:43:08" />
    <file relUrl="mxgraph/examples/grapheditor/www/styles/grapheditor.css" publishTime="09/28/2012 07:43:08" />
    <file relUrl="mxgraph/examples/grapheditor/www/stencils/mockup/advertising.xml" publishTime="09/28/2012 07:43:08" />
    <file relUrl="mxgraph/examples/editors/images/symbols/small_timer.gif" publishTime="09/28/2012 07:43:08" />
    <file relUrl="mxgraph/examples/editors/js/mxApplication.js" publishTime="09/28/2012 07:43:08" />
    <file relUrl="mxgraph/examples/permissions.html" publishTime="09/28/2012 07:43:08" />
    <file relUrl="mxgraph/examples/ports.html" publishTime="09/28/2012 07:43:08" />
    <file relUrl="mxgraph/examples/grapheditor/www/images/checkmark.gif" publishTime="09/28/2012 07:43:08" />
    <file relUrl="mxgraph/examples/editors/images/symbols/cancel_end.png" publishTime="09/28/2012 07:43:08" />
    <file relUrl="mxgraph/examples/graphlayout.html" publishTime="09/28/2012 07:43:08" />
    <file relUrl="mxgraph/examples/grapheditor/www/stencils/pid/compressors.xml" publishTime="09/28/2012 07:43:08" />
    <file relUrl="mxgraph/examples/editors/images/house.png" publishTime="09/28/2012 07:43:08" />
    <file relUrl="mxgraph/examples/editors/images/properties.gif" publishTime="09/28/2012 07:43:08" />
    <file relUrl="mxgraph/examples/editors/images/symbols/timer.png" publishTime="09/28/2012 07:43:08" />
    <file relUrl="mxgraph/examples/grapheditor/www/stencils/basic.xml" publishTime="09/28/2012 07:43:08" />
    <file relUrl="mxgraph/examples/editors/archive/grapheditor/js/MainPanel.js" publishTime="09/28/2012 07:43:08" />
    <file relUrl="mxgraph/examples/editors/images/bg.gif" publishTime="09/28/2012 07:43:08" />
    <file relUrl="mxgraph/examples/editors/images/bold.gif" publishTime="09/28/2012 07:43:08" />
    <file relUrl="mxgraph/examples/editors/images/overlays/error.png" publishTime="09/28/2012 07:43:08" />
    <file relUrl="mxgraph/examples/editors/images/symbols/event_intermediate.png" publishTime="09/28/2012 07:43:08" />
    <file relUrl="mxgraph/examples/editors/images/aligncenter.gif" publishTime="09/28/2012 07:43:08" />
    <file relUrl="mxgraph/examples/grapheditor/java/src/com/mxgraph/examples/web/OpenServlet.java" publishTime="09/28/2012 07:43:08" />
    <file relUrl="mxgraph/examples/editors/images/straight.gif" publishTime="09/28/2012 07:43:08" />
    <file relUrl="mxgraph/examples/grapheditor/www/stencils/clipart/Safe_128x128.png" publishTime="09/28/2012 07:43:08" />
    <file relUrl="mxgraph/examples/template.html" publishTime="09/28/2012 07:43:08" />
    <file relUrl="bin/SvgWeb.dll" publishTime="10/18/2012 11:45:37" />
    <file relUrl="mxgraph/examples/editors/images/plain.gif" publishTime="09/28/2012 07:43:08" />
    <file relUrl="mxgraph/examples/grapheditor/www/stencils/electrical/thermionic_devices.xml" publishTime="09/28/2012 07:43:08" />
    <file relUrl="mxgraph/examples/editors/images/zoomin.gif" publishTime="09/28/2012 07:43:08" />
    <file relUrl="mxgraph/examples/editors/config/diagrameditor.xml" publishTime="09/28/2012 07:43:08" />
    <file relUrl="mxgraph/examples/editors/images/loading.gif" publishTime="09/28/2012 07:43:08" />
    <file relUrl="mxgraph/examples/fixedicon.html" publishTime="09/28/2012 07:43:08" />
    <file relUrl="mxgraph/examples/editors/images/overlays/flash.png" publishTime="09/28/2012 07:43:08" />
    <file relUrl="mxgraph/examples/grapheditor/java/src/com/mxgraph/examples/web/SaveServlet.java" publishTime="09/28/2012 07:43:08" />
    <file relUrl="mxgraph/examples/ie9svg.html" publishTime="09/28/2012 07:43:08" />
    <file relUrl="mxgraph/examples/editors/images/rhombus.gif" publishTime="09/28/2012 07:43:08" />
    <file relUrl="mxgraph/examples/editors/images/diamond_end.gif" publishTime="09/28/2012 07:43:08" />
    <file relUrl="mxgraph/examples/editors/archive/grapheditor/js/GraphEditor.js" publishTime="09/28/2012 07:43:08" />
    <file relUrl="mxgraph/examples/grapheditor/www/styles/sprites.png" publishTime="09/28/2012 07:43:08" />
    <file relUrl="mxgraph/examples/editors/images/cloud.gif" publishTime="09/28/2012 07:43:08" />
    <file relUrl="mxgraph/examples/editors/images/overlays/user3.png" publishTime="09/28/2012 07:43:08" />
    <file relUrl="mxgraph/examples/editors/images/connector.gif" publishTime="09/28/2012 07:43:08" />
    <file relUrl="mxgraph/examples/editors/diagrams/swimlanes.xml" publishTime="09/28/2012 07:43:08" />
    <file relUrl="mxgraph/src/images/point.gif" publishTime="09/28/2012 07:43:08" />
    <file relUrl="mxgraph/examples/grapheditor/www/js/Editor.js" publishTime="09/28/2012 07:43:08" />
    <file relUrl="mxgraph/src/images/error.gif" publishTime="09/28/2012 07:43:08" />
    <file relUrl="mxgraph/examples/swimlanes.html" publishTime="09/28/2012 07:43:08" />
    <file relUrl="mxgraph/examples/grapheditor/www/stencils/electrical/iec_logic_gates.xml" publishTime="09/28/2012 07:43:08" />
    <file relUrl="mxgraph/examples/editors/archive/grapheditor/js/DiagramPanel.js" publishTime="09/28/2012 07:43:08" />
    <file relUrl="mxgraph/examples/grapheditor/www/stencils/aws/deployment_management.xml" publishTime="09/28/2012 07:43:08" />
    <file relUrl="mxgraph/examples/grapheditor/www/images/expanded.gif" publishTime="09/28/2012 07:43:08" />
    <file relUrl="mxgraph/examples/control.html" publishTime="09/28/2012 07:43:08" />
    <file relUrl="mxgraph/examples/editors/images/entity.gif" publishTime="09/28/2012 07:43:08" />
    <file relUrl="mxgraph/examples/editors/images/print.gif" publishTime="09/28/2012 07:43:08" />
    <file relUrl="mxgraph/examples/editors/images/cylinder.gif" publishTime="09/28/2012 07:43:08" />
    <file relUrl="mxgraph/examples/grapheditor/www/stencils/electrical/iec417.xml" publishTime="09/28/2012 07:43:08" />
    <file relUrl="mxgraph/examples/grapheditor/www/js/Dialogs.js" publishTime="09/28/2012 07:43:08" />
    <file relUrl="mxgraph/examples/editors/images/collapse.gif" publishTime="09/28/2012 07:43:08" />
    <file relUrl="mxgraph/examples/editors/images/paste.gif" publishTime="09/28/2012 07:43:08" />
    <file relUrl="SvgDemo.htm" publishTime="10/09/2012 11:19:47" />
    <file relUrl="mxgraph/examples/editors/images/symbols/small_merge.gif" publishTime="09/28/2012 07:43:08" />
    <file relUrl="mxgraph/src/images/warning.png" publishTime="09/28/2012 07:43:08" />
    <file relUrl="config/keyhandler-commons.xml" publishTime="08/26/2011 12:37:25" />
    <file relUrl="mxgraph/examples/grapheditor/www/stencils/flowchart.xml" publishTime="09/28/2012 07:43:08" />
    <file relUrl="mxgraph/examples/editors/images/symbols/event.png" publishTime="09/28/2012 07:43:08" />
    <file relUrl="mxgraph/examples/grapheditor/www/stencils/electrical/miscellaneous.xml" publishTime="09/28/2012 07:43:08" />
    <file relUrl="mxgraph/examples/grapheditor/www/stencils/clipart/Telesales1_128x128.png" publishTime="09/28/2012 07:43:08" />
    <file relUrl="mxgraph/examples/grapheditor/www/images/logo.png" publishTime="09/28/2012 07:43:08" />
    <file relUrl="mxgraph/examples/images/view_1_132.png" publishTime="09/28/2012 07:43:08" />
    <file relUrl="js/layout.js" publishTime="10/18/2012 09:35:49" />
    <file relUrl="mxgraph/examples/wrapping.html" publishTime="09/28/2012 07:43:08" />
    <file relUrl="mxgraph/examples/editors/images/pan.gif" publishTime="09/28/2012 07:43:08" />
    <file relUrl="mxgraph/examples/grapheditor/www/stencils/aws/groups.xml" publishTime="09/28/2012 07:43:08" />
    <file relUrl="mxgraph/examples/editors/images/new.gif" publishTime="09/28/2012 07:43:08" />
    <file relUrl="mxgraph/examples/editors/images/hline.gif" publishTime="09/28/2012 07:43:08" />
    <file relUrl="mxgraph/examples/orthogonal.html" publishTime="09/28/2012 07:43:08" />
    <file relUrl="mxgraph/examples/grid.html" publishTime="09/28/2012 07:43:08" />
    <file relUrl="mxgraph/examples/editors/images/camera.gif" publishTime="09/28/2012 07:43:08" />
    <file relUrl="mxgraph/examples/editors/images/wrench.png" publishTime="09/28/2012 07:43:08" />
    <file relUrl="mxgraph/examples/images/zoom_out32.png" publishTime="09/28/2012 07:43:08" />
    <file relUrl="mxgraph/examples/editors/images/bottom.gif" publishTime="09/28/2012 07:43:08" />
    <file relUrl="mxgraph/examples/editors/images/draw/drawheader.jpg" publishTime="09/28/2012 07:43:08" />
    <file relUrl="mxgraph/examples/editors/images/symbols/inclusive.png" publishTime="09/28/2012 07:43:08" />
    <file relUrl="mxgraph/examples/grapheditor/www/js/Sidebar.js" publishTime="09/28/2012 07:43:08" />
    <file relUrl="mxgraph/examples/editors/images/symbols/merge.png" publishTime="09/28/2012 07:43:08" />
    <file relUrl="mxgraph/examples/editors/images/overlays/help.png" publishTime="09/28/2012 07:43:08" />
    <file relUrl="mxgraph/examples/editors/images/gear.gif" publishTime="09/28/2012 07:43:08" />
    <file relUrl="mxgraph/examples/editors/images/alignmiddle.gif" publishTime="09/28/2012 07:43:08" />
    <file relUrl="mxgraph/examples/editors/archive/grapheditor/resources/basic-style.xml" publishTime="09/28/2012 07:43:08" />
    <file relUrl="mxgraph/examples/contexticons.html" publishTime="09/28/2012 07:43:08" />
    <file relUrl="mxgraph/examples/editors/images/font.gif" publishTime="09/28/2012 07:43:08" />
    <file relUrl="mxgraph/examples/editors/images/overlays/forbidden.png" publishTime="09/28/2012 07:43:08" />
    <file relUrl="mxgraph/examples/editors/images/symbols/small_event.gif" publishTime="09/28/2012 07:43:08" />
    <file relUrl="mxgraph/examples/editors/images/draw/drawbgcolor.jpg" publishTime="09/28/2012 07:43:08" />
    <file relUrl="mxgraph/examples/editors/images/overlays/information.png" publishTime="09/28/2012 07:43:08" />
    <file relUrl="mxgraph/examples/grapheditor/www/stencils/clipart/Printer_128x128.png" publishTime="09/28/2012 07:43:08" />
    <file relUrl="mxgraph/examples/uiconfig.xml" publishTime="09/28/2012 07:43:08" />
    <file relUrl="mxgraph/examples/grapheditor/www/stencils/clipart/Suit1_128x128.png" publishTime="09/28/2012 07:43:08" />
    <file relUrl="mxgraph/examples/dbeditor.html" publishTime="09/28/2012 07:43:08" />
    <file relUrl="mxgraph/examples/editors/images/rounded.gif" publishTime="09/28/2012 07:43:08" />
    <file relUrl="mxgraph/examples/editors/diagrams/travel-booking.xml" publishTime="09/28/2012 07:43:08" />
    <file relUrl="mxgraph/examples/editors/images/oval_end.gif" publishTime="09/28/2012 07:43:08" />
    <file relUrl="mxgraph/examples/fileio.xml" publishTime="09/28/2012 07:43:08" />
    <file relUrl="mxgraph/examples/grapheditor/www/jscolor/arrow.gif" publishTime="09/28/2012 07:43:08" />
    <file relUrl="mxgraph/examples/grapheditor/www/stencils/pid/valves.xml" publishTime="09/28/2012 07:43:08" />
    <file relUrl="mxgraph/examples/editors/images/link.gif" publishTime="09/28/2012 07:43:08" />
    <file relUrl="mxgraph/examples/grapheditor/www/js/Toolbar.js" publishTime="09/28/2012 07:43:08" />
    <file relUrl="mxgraph/src/images/window.gif" publishTime="09/28/2012 07:43:08" />
    <file relUrl="mxgraph/examples/images/camera.png" publishTime="09/28/2012 07:43:08" />
    <file relUrl="mxgraph/examples/images/dot.gif" publishTime="09/28/2012 07:43:08" />
    <file relUrl="mxgraph/examples/editors/images/symbols/terminate.png" publishTime="09/28/2012 07:43:08" />
    <file relUrl="mxgraph/src/css/common.css" publishTime="09/28/2012 07:43:08" />
    <file relUrl="mxgraph/examples/editors/images/draw/drawfooter.jpg" publishTime="09/28/2012 07:43:08" />
    <file relUrl="bin/Newtonsoft.Json.dll" publishTime="09/07/2012 10:03:02" />
    <file relUrl="mxgraph/examples/images/paste.png" publishTime="09/28/2012 07:43:08" />
    <file relUrl="mxgraph/examples/editors/images/dude3.png" publishTime="09/28/2012 07:43:08" />
    <file relUrl="mxgraph/examples/thread.html" publishTime="09/28/2012 07:43:08" />
    <file relUrl="mxgraph/examples/grapheditor/www/stencils/electrical/op_amps.xml" publishTime="09/28/2012 07:43:08" />
    <file relUrl="mxgraph/examples/fixedpoints.html" publishTime="09/28/2012 07:43:08" />
    <file relUrl="mxgraph/examples/markers.html" publishTime="09/28/2012 07:43:08" />
    <file relUrl="mxgraph/examples/editors/images/down.gif" publishTime="09/28/2012 07:43:08" />
    <file relUrl="mxgraph/examples/editors/images/symbols/rule.png" publishTime="09/28/2012 07:43:08" />
    <file relUrl="mxgraph/examples/editors/images/toolbar.gif" publishTime="09/28/2012 07:43:08" />
    <file relUrl="mxgraph/examples/grapheditor/www/stencils/clipart/MacBook_128x128.png" publishTime="09/28/2012 07:43:08" />
    <file relUrl="mxgraph/examples/grapheditor/www/styles/grapheditor-ie6.css" publishTime="09/28/2012 07:43:08" />
    <file relUrl="mxgraph/examples/editors/images/oval_start.gif" publishTime="09/28/2012 07:43:08" />
    <file relUrl="mxgraph/examples/images.html" publishTime="09/28/2012 07:43:08" />
    <file relUrl="mxgraph/examples/grapheditor/java/src/com/mxgraph/examples/web/ExportServlet.java" publishTime="09/28/2012 07:43:08" />
    <file relUrl="mxgraph/examples/editors/images/tasks.gif" publishTime="09/28/2012 07:43:08" />
    <file relUrl="mxgraph/examples/grapheditor/www/images/tooltip.png" publishTime="09/28/2012 07:43:08" />
    <file relUrl="mxgraph/examples/grapheditor/www/stencils/clipart/Full_Folder_128x128.png" publishTime="09/28/2012 07:43:08" />
    <file relUrl="mxgraph/examples/editors/images/symbols/link.png" publishTime="09/28/2012 07:43:08" />
    <file relUrl="mxgraph/examples/editors/images/symbols/small_event_end.gif" publishTime="09/28/2012 07:43:08" />
    <file relUrl="ExtDemo.aspx" publishTime="10/18/2012 09:30:51" />
    <file relUrl="mxgraph/examples/events.html" publishTime="09/28/2012 07:43:08" />
    <file relUrl="mxgraph/examples/editors/images/ellipse.gif" publishTime="09/28/2012 07:43:08" />
    <file relUrl="mxgraph/examples/groups.html" publishTime="09/28/2012 07:43:08" />
    <file relUrl="mxgraph/examples/editors/images/vertical.gif" publishTime="09/28/2012 07:43:08" />
    <file relUrl="mxgraph/examples/editors/images/console.gif" publishTime="09/28/2012 07:43:08" />
    <file relUrl="mxgraph/examples/grapheditor/java/src/com/mxgraph/examples/web/GraphEditor.java" publishTime="09/28/2012 07:43:08" />
    <file relUrl="mxgraph/examples/labelposition.html" publishTime="09/28/2012 07:43:08" />
    <file relUrl="mxgraph/examples/editors/images/overlays/printer.png" publishTime="09/28/2012 07:43:08" />
    <file relUrl="mxgraph/examples/grapheditor/www/images/connector.png" publishTime="09/28/2012 07:43:08" />
    <file relUrl="mxgraph/examples/editors/images/symbols/multiple.png" publishTime="09/28/2012 07:43:08" />
    <file relUrl="mxgraph/examples/editors/images/undo.gif" publishTime="09/28/2012 07:43:08" />
    <file relUrl="mxgraph/examples/editors/config/processeditor.xml" publishTime="09/28/2012 07:43:08" />
    <file relUrl="mxgraph/examples/grapheditor/www/stencils/electrical/diodes.xml" publishTime="09/28/2012 07:43:08" />
    <file relUrl="mxgraph/examples/grapheditor/www/stencils/clipart/Virtual_Machine_128x128.png" publishTime="09/28/2012 07:43:08" />
    <file relUrl="mxgraph/examples/grapheditor/www/stencils/signs/transportation.xml" publishTime="09/28/2012 07:43:08" />
    <file relUrl="mxgraph/examples/editors/images/draw/mxlogo.jpg" publishTime="09/28/2012 07:43:08" />
    <file relUrl="mxgraph/examples/grapheditor/www/images/close.png" publishTime="09/28/2012 07:43:08" />
    <file relUrl="mxgraph/examples/editors/images/overlays/check.png" publishTime="09/28/2012 07:43:08" />
    <file relUrl="mxgraph/examples/grapheditor/www/stencils/signs/sports.xml" publishTime="09/28/2012 07:43:08" />
    <file relUrl="mxgraph/examples/grapheditor/www/stencils/clipart/Server_Tower_128x128.png" publishTime="09/28/2012 07:43:08" />
    <file relUrl="mxgraph/examples/editors/images/press.gif" publishTime="09/28/2012 07:43:08" />
    <file relUrl="mxgraph/examples/grapheditor/www/stencils/electrical/inductors.xml" publishTime="09/28/2012 07:43:08" />
    <file relUrl="mxgraph/examples/grapheditor/www/js/Shapes.js" publishTime="09/28/2012 07:43:08" />
    <file relUrl="mxgraph/examples/grapheditor/www/stencils/electrical/electro-mechanical.xml" publishTime="09/28/2012 07:43:08" />
    <file relUrl="mxgraph/examples/grapheditor/www/stencils/signs/travel.xml" publishTime="09/28/2012 07:43:08" />
    <file relUrl="mxgraph/examples/grapheditor/www/index.html" publishTime="09/28/2012 07:43:08" />
    <file relUrl="mxgraph/examples/grapheditor/www/stencils/aws/storage.xml" publishTime="09/28/2012 07:43:08" />
    <file relUrl="mxgraph/examples/grapheditor/www/styles/thumb_vertical.png" publishTime="09/28/2012 07:43:08" />
    <file relUrl="mxgraph/examples/editors/images/overlays/pencil.png" publishTime="09/28/2012 07:43:08" />
    <file relUrl="mxgraph/examples/editors/images/group.gif" publishTime="09/28/2012 07:43:08" />
    <file relUrl="helloport.aspx" publishTime="10/10/2012 11:38:35" />
    <file relUrl="mxgraph/examples/images/icons48/server.png" publishTime="09/28/2012 07:43:08" />
    <file relUrl="mxgraph/examples/editors/images/fontcolor.gif" publishTime="09/28/2012 07:43:08" />
    <file relUrl="mxgraph/examples/portrefs.html" publishTime="09/28/2012 07:43:08" />
    <file relUrl="mxgraph/examples/editors/images/fillcolor.gif" publishTime="09/28/2012 07:43:08" />
    <file relUrl="mxgraph/examples/grapheditor/www/styles/thumb_horz.png" publishTime="09/28/2012 07:43:08" />
    <file relUrl="mxgraph/examples/editors/images/arrow.gif" publishTime="09/28/2012 07:43:08" />
    <file relUrl="mxgraph/examples/editors/images/copy.gif" publishTime="09/28/2012 07:43:08" />
    <file relUrl="mxgraph/examples/dragsource.html" publishTime="09/28/2012 07:43:08" />
    <file relUrl="mxgraph/examples/grapheditor/www/stencils/clipart/Graph_128x128.png" publishTime="09/28/2012 07:43:08" />
    <file relUrl="mxgraph/examples/images/add.png" publishTime="09/28/2012 07:43:08" />
    <file relUrl="mxgraph/examples/editors/images/select.gif" publishTime="09/28/2012 07:43:08" />
    <file relUrl="mxgraph/examples/grapheditor/www/stencils/clipart/Credit_Card_128x128.png" publishTime="09/28/2012 07:43:08" />
    <file relUrl="mxgraph/examples/merge.html" publishTime="09/28/2012 07:43:08" />
    <file relUrl="mxgraph/examples/editors/images/zoomout.gif" publishTime="09/28/2012 07:43:08" />
    <file relUrl="css/workfow.css" publishTime="10/16/2012 11:44:30" />
    <file relUrl="mxgraph/examples/labels.html" publishTime="09/28/2012 07:43:08" />
    <file relUrl="mxgraph/index.html" publishTime="09/28/2012 07:43:08" />
    <file relUrl="mxgraph/examples/editors/images/block_start.gif" publishTime="09/28/2012 07:43:08" />
    <file relUrl="mxgraph/examples/grapheditor/www/stencils/electrical/capacitors.xml" publishTime="09/28/2012 07:43:08" />
    <file relUrl="mxgraph/examples/grapheditor/www/stencils/aws/networking.xml" publishTime="09/28/2012 07:43:08" />
    <file relUrl="mxgraph/examples/images/icons48/earth.png" publishTime="09/28/2012 07:43:08" />
    <file relUrl="mxgraph/examples/editors/images/actor.gif" publishTime="09/28/2012 07:43:08" />
    <file relUrl="mxgraph/examples/images/group.png" publishTime="09/28/2012 07:43:08" />
    <file relUrl="mxgraph/examples/editors/images/open.gif" publishTime="09/28/2012 07:43:08" />
    <file relUrl="mxgraph/examples/grapheditor/www/stencils/lean_mapping.xml" publishTime="09/28/2012 07:43:08" />
    <file relUrl="mxgraph/examples/editors/images/symbols/small_message_end.gif" publishTime="09/28/2012 07:43:08" />
    <file relUrl="mxgraph/examples/editors/images/zoom.gif" publishTime="09/28/2012 07:43:08" />
    <file relUrl="mxgraph/examples/editors/images/symbols/event_end.png" publishTime="09/28/2012 07:43:08" />
    <file relUrl="mxgraph/examples/editors/images/preview.gif" publishTime="09/28/2012 07:43:08" />
    <file relUrl="mxgraph/examples/grapheditor/www/stencils/signs/people.xml" publishTime="09/28/2012 07:43:08" />
    <file relUrl="mxgraph/src/images/maximize.gif" publishTime="09/28/2012 07:43:08" />
    <file relUrl="mxgraph/examples/grapheditor/www/stencils/aws/messaging.xml" publishTime="09/28/2012 07:43:08" />
    <file relUrl="mxgraph/examples/monitor.html" publishTime="09/28/2012 07:43:08" />
    <file relUrl="mxgraph/examples/images/connector.gif" publishTime="09/28/2012 07:43:08" />
    <file relUrl="mxgraph/examples/shape.html" publishTime="09/28/2012 07:43:08" />
    <file relUrl="mxgraph/examples/images/wires-grid.gif" publishTime="09/28/2012 07:43:08" />
    <file relUrl="mxgraph/examples/images/icons48/table.png" publishTime="09/28/2012 07:43:08" />
    <file relUrl="mxgraph/examples/grapheditor/www/images/nocolor.png" publishTime="09/28/2012 07:43:08" />
    <file relUrl="mxgraph/examples/images/zoom_in32.png" publishTime="09/28/2012 07:43:08" />
    <file relUrl="mxgraph/examples/editors/config/wftoolbar-commons.xml" publishTime="09/28/2012 07:43:08" />
    <file relUrl="mxgraph/examples/editors/images/linecolor.gif" publishTime="09/28/2012 07:43:08" />
    <file relUrl="mxgraph/examples/editors/images/up.gif" publishTime="09/28/2012 07:43:08" />
    <file relUrl="mxgraph/examples/grapheditor/www/images/collapsed.gif" publishTime="09/28/2012 07:43:08" />
    <file relUrl="mxgraph/examples/hovericons.html" publishTime="09/28/2012 07:43:08" />
    <file relUrl="mxgraph/examples/grapheditor/www/stencils/clipart/Gear_128x128.png" publishTime="09/28/2012 07:43:08" />
    <file relUrl="mxgraph/examples/grapheditor/www/stencils/electrical/opto_electronics.xml" publishTime="09/28/2012 07:43:08" />
    <file relUrl="mxgraph/examples/grapheditor/www/stencils/electrical/mosfets1.xml" publishTime="09/28/2012 07:43:08" />
    <file relUrl="mxgraph/examples/editors/images/fit.gif" publishTime="09/28/2012 07:43:08" />
    <file relUrl="mxgraph/examples/images/sidebar_bg.gif" publishTime="09/28/2012 07:43:08" />
    <file relUrl="mxgraph/examples/editors/images/tree.gif" publishTime="09/28/2012 07:43:08" />
    <file relUrl="mxgraph/examples/editors/images/symbols/fork.png" publishTime="09/28/2012 07:43:08" />
    <file relUrl="mxgraph/examples/indicators.html" publishTime="09/28/2012 07:43:08" />
    <file relUrl="mxgraph/examples/editors/images/package.png" publishTime="09/28/2012 07:43:08" />
    <file relUrl="mxgraph/examples/images/loading.gif" publishTime="09/28/2012 07:43:08" />
    <file relUrl="mxgraph/examples/grapheditor/www/stencils/mockup/menus_and_buttons.xml" publishTime="09/28/2012 07:43:08" />
    <file relUrl="mxgraph/examples/editors/images/right.gif" publishTime="09/28/2012 07:43:08" />
    <file relUrl="mxgraph/examples/grapheditor/www/stencils/pid/instruments.xml" publishTime="09/28/2012 07:43:08" />
    <file relUrl="mxgraph/examples/images/export1.png" publishTime="09/28/2012 07:43:08" />
    <file relUrl="mxgraph/examples/editors/images/symbols/message.png" publishTime="09/28/2012 07:43:08" />
    <file relUrl="mxgraph/examples/editors/images/symbols/error.png" publishTime="09/28/2012 07:43:08" />
    <file relUrl="mxgraph/examples/grapheditor/www/stencils/clipart/Shopping_Cart_128x128.png" publishTime="09/28/2012 07:43:08" />
    <file relUrl="css/images/cmp-bg.gif" publishTime="08/26/2011 09:08:43" />
    <file relUrl="mxgraph/examples/dynamicstyle.html" publishTime="09/28/2012 07:43:08" />
    <file relUrl="mxgraph/examples/editors/images/symbols/small_cancel_end.gif" publishTime="09/28/2012 07:43:08" />
    <file relUrl="mxgraph/examples/editors/images/ungroup.gif" publishTime="09/28/2012 07:43:08" />
    <file relUrl="mxgraph/examples/images/view_next.png" publishTime="09/28/2012 07:43:08" />
    <file relUrl="mxgraph/examples/images/printer.png" publishTime="09/28/2012 07:43:08" />
    <file relUrl="mxgraph/examples/grapheditor/www/stencils/clipart/Pilot1_128x128.png" publishTime="09/28/2012 07:43:08" />
    <file relUrl="mxgraph/examples/grapheditor/www/stencils/clipart/Router_Icon_128x128.png" publishTime="09/28/2012 07:43:08" />
    <file relUrl="mxgraph/examples/images/zoom_in.png" publishTime="09/28/2012 07:43:08" />
    <file relUrl="mxgraph/examples/grapheditor/www/stencils/clipart/Security1_128x128.png" publishTime="09/28/2012 07:43:08" />
    <file relUrl="mxgraph/examples/editors/config/layouteditor.xml" publishTime="09/28/2012 07:43:08" />
    <file relUrl="mxgraph/examples/grapheditor/www/stencils/aws/content_delivery.xml" publishTime="09/28/2012 07:43:08" />
    <file relUrl="js/GraphControl.js" publishTime="09/28/2012 07:43:08" />
    <file relUrl="mxgraph/examples/grapheditor/www/stencils/pid/vessels.xml" publishTime="09/28/2012 07:43:08" />
    <file relUrl="mxgraph/examples/grapheditor/www/stencils/clipart/Worker1_128x128.png" publishTime="09/28/2012 07:43:08" />
    <file relUrl="mxgraph/examples/grapheditor/www/images/grid.gif" publishTime="09/28/2012 07:43:08" />
    <file relUrl="mxgraph/examples/grapheditor/www/js/Graph.js" publishTime="09/28/2012 07:43:08" />
    <file relUrl="mxgraph/examples/images/fit_to_size.png" publishTime="09/28/2012 07:43:08" />
    <file relUrl="mxgraph/examples/grapheditor/www/jscolor/cross.gif" publishTime="09/28/2012 07:43:08" />
    <file relUrl="mxgraph/examples/editors/config/workfloweditor.xml" publishTime="09/28/2012 07:43:08" />
    <file relUrl="mxgraph/examples/editors/images/open_start.gif" publishTime="09/28/2012 07:43:08" />
    <file relUrl="mxgraph/examples/images/zoom_out.png" publishTime="09/28/2012 07:43:08" />
    <file relUrl="mxgraph/examples/standardsmode.html" publishTime="09/28/2012 07:43:08" />
    <file relUrl="mxgraph/examples/editors/images/expand.gif" publishTime="09/28/2012 07:43:08" />
    <file relUrl="mxgraph/examples/grapheditor/www/jscolor/hv.png" publishTime="09/28/2012 07:43:08" />
    <file relUrl="mxgraph/examples/grapheditor/www/stencils/signs/science.xml" publishTime="09/28/2012 07:43:08" />
    <file relUrl="mxgraph/examples/grapheditor/www/resources/help.html" publishTime="09/28/2012 07:43:08" />
    <file relUrl="mxgraph/examples/editors/images/triangle.gif" publishTime="09/28/2012 07:43:08" />
    <file relUrl="mxgraph/examples/grapheditor/www/stencils/electrical/abstract.xml" publishTime="09/28/2012 07:43:08" />
    <file relUrl="mxgraph/examples/editors/config/wfeditor-commons.xml" publishTime="09/28/2012 07:43:08" />
    <file relUrl="mxgraph/examples/grapheditor/www/stencils/aws/misc.xml" publishTime="09/28/2012 07:43:08" />
    <file relUrl="mxgraph/examples/grapheditor/www/stencils/pid/pumps.xml" publishTime="09/28/2012 07:43:08" />
    <file relUrl="mxgraph/examples/editors/images/aligntop.gif" publishTime="09/28/2012 07:43:08" />
    <file relUrl="mxgraph/examples/grapheditor/www/stencils/electrical/opto-electronics.xml" publishTime="09/28/2012 07:43:08" />
    <file relUrl="mxgraph/examples/editors/images/diamond_start.gif" publishTime="09/28/2012 07:43:08" />
    <file relUrl="mxgraph/examples/windows.html" publishTime="09/28/2012 07:43:08" />
    <file relUrl="mxgraph/src/images/minimize.gif" publishTime="09/28/2012 07:43:08" />
    <file relUrl="mxgraph/examples/editors/images/symbols/small_cancel_intermediate.gif" publishTime="09/28/2012 07:43:08" />
    <file relUrl="mxgraph/examples/editors/images/draw/drawbg.jpg" publishTime="09/28/2012 07:43:08" />
    <file relUrl="mxgraph/examples/grapheditor/www/stencils/bpmn.xml" publishTime="09/28/2012 07:43:08" />
    <file relUrl="mxgraph/examples/grapheditor/www/stencils/electrical/power_semiconductors.xml" publishTime="09/28/2012 07:43:08" />
    <file relUrl="mxgraph/examples/images/print32.png" publishTime="09/28/2012 07:43:08" />
    <file relUrl="mxgraph/examples/grapheditor/www/stencils/clipart/Software_128x128.png" publishTime="09/28/2012 07:43:08" />
    <file relUrl="mxgraph/examples/editors/images/symbols/small_multiple.gif" publishTime="09/28/2012 07:43:08" />
    <file relUrl="js/layout_old.js" publishTime="10/17/2012 11:06:45" />
    <file relUrl="bin/Ext.Net.dll" publishTime="09/07/2012 10:03:02" />
    <file relUrl="mxgraph/src/images/resize.gif" publishTime="09/28/2012 07:43:08" />
    <file relUrl="mxgraph/examples/helloport.html" publishTime="09/28/2012 07:43:08" />
    <file relUrl="mxgraph/examples/grapheditor/www/stencils/clipart/iMac_128x128.png" publishTime="09/28/2012 07:43:08" />
    <file relUrl="mxgraph/examples/editors/images/delete.gif" publishTime="09/28/2012 07:43:08" />
    <file relUrl="mxgraph/examples/images/redo.png" publishTime="09/28/2012 07:43:08" />
    <file relUrl="mxgraph/examples/grapheditor/www/stencils/clipart/Soldier1_128x128.png" publishTime="09/28/2012 07:43:08" />
    <file relUrl="mxgraph/examples/editors/grapheditor.html" publishTime="09/28/2012 07:43:08" />
    <file relUrl="mxgraph/examples/grapheditor/www/stencils/clipart/Workstation_128x128.png" publishTime="09/28/2012 07:43:08" />
    <file relUrl="mxgraph/examples/editors/archive/grapheditor/resources/default-style.xml" publishTime="09/28/2012 07:43:08" />
    <file relUrl="mxgraph/examples/editors/images/overlays/house.png" publishTime="09/28/2012 07:43:08" />
    <file relUrl="mxgraph/examples/grapheditor/www/stencils/electrical/logic_gates.xml" publishTime="09/28/2012 07:43:08" />
    <file relUrl="mxgraph/examples/editors/images/rectangle.gif" publishTime="09/28/2012 07:43:08" />
    <file relUrl="mxgraph/examples/validation.html" publishTime="09/28/2012 07:43:08" />
    <file relUrl="mxgraph/src/images/window-title.gif" publishTime="09/28/2012 07:43:08" />
    <file relUrl="mxgraph/examples/editors/images/refresh.gif" publishTime="09/28/2012 07:43:08" />
    <file relUrl="mxgraph/examples/grapheditor/www/stencils/electrical/mosfets2.xml" publishTime="09/28/2012 07:43:08" />
    <file relUrl="mxgraph/examples/images/spacer.gif" publishTime="09/28/2012 07:43:08" />
    <file relUrl="mxgraph/examples/editors/workfloweditor.html" publishTime="09/28/2012 07:43:08" />
    <file relUrl="css/common.css" publishTime="08/25/2011 14:57:12" />
    <file relUrl="mxgraph/examples/grapheditor/www/resources/help_de.html" publishTime="09/28/2012 07:43:08" />
    <file relUrl="mxgraph/examples/grapheditor/www/stencils/clipart/Lock_128x128.png" publishTime="09/28/2012 07:43:08" />
    <file relUrl="mxgraph/examples/editors/diagrams/withdrawal.xml" publishTime="09/28/2012 07:43:08" />
    <file relUrl="mxgraph/examples/images/view_previous.png" publishTime="09/28/2012 07:43:08" />
    <file relUrl="mxgraph/examples/grapheditor/www/stencils/electrical/transistors.xml" publishTime="09/28/2012 07:43:08" />
    <file relUrl="mxgraph/examples/images/copy.png" publishTime="09/28/2012 07:43:08" />
    <file relUrl="mxgraph/examples/grapheditor/www/stencils/general.xml" publishTime="09/28/2012 07:43:08" />
    <file relUrl="mxgraph/examples/fileio.html" publishTime="09/28/2012 07:43:08" />
    <file relUrl="mxgraph/examples/editors/images/overlays/lightbulb_on.png" publishTime="09/28/2012 07:43:08" />
    <file relUrl="mxgraph/examples/editors/help/index.html" publishTime="09/28/2012 07:43:08" />
    <file relUrl="mxgraph/examples/editors/images/symbols/small_event_intermediate.gif" publishTime="09/28/2012 07:43:08" />
    <file relUrl="mxgraph/examples/helloworld.html" publishTime="09/28/2012 07:43:08" />
    <file relUrl="mxgraph/examples/images/plus.png" publishTime="09/28/2012 07:43:08" />
    <file relUrl="mxgraph/examples/editors/images/overlays/users3.png" publishTime="09/28/2012 07:43:08" />
    <file relUrl="mxgraph/examples/menustyle.html" publishTime="09/28/2012 07:43:08" />
    <file relUrl="mxgraph/examples/editors/images/left.gif" publishTime="09/28/2012 07:43:08" />
    <file relUrl="mxgraph/examples/grapheditor/www/images/touch-handle.png" publishTime="09/28/2012 07:43:08" />
    <file relUrl="mxgraph/examples/editors/archive/grapheditor/grapheditor.html" publishTime="09/28/2012 07:43:08" />
    <file relUrl="mxgraph/examples/images/view_1_1.png" publishTime="09/28/2012 07:43:08" />
    <file relUrl="bin/Transformer.NET.dll" publishTime="09/07/2012 10:03:02" />
    <file relUrl="mxgraph/examples/wires.html" publishTime="09/28/2012 07:43:08" />
    <file relUrl="mxgraph/examples/images/key.png" publishTime="09/28/2012 07:43:08" />
    <file relUrl="mxgraph/src/images/submenu.gif" publishTime="09/28/2012 07:43:08" />
    <file relUrl="mxgraph/examples/editors/images/preferences.gif" publishTime="09/28/2012 07:43:08" />
    <file relUrl="mxgraph/src/images/collapsed.gif" publishTime="09/28/2012 07:43:08" />
    <file relUrl="mxgraph/examples/editors/images/classic_start.gif" publishTime="09/28/2012 07:43:08" />
    <file relUrl="mxgraph/examples/grapheditor/www/images/touch-connector.png" publishTime="09/28/2012 07:43:08" />
    <file relUrl="mxgraph/examples/grapheditor/www/stencils/clipart/Tech1_128x128.png" publishTime="09/28/2012 07:43:08" />
    <file relUrl="mxgraph/examples/grapheditor/www/stencils/mockup/tabs.xml" publishTime="09/28/2012 07:43:08" />
    <file relUrl="mxgraph/examples/editors/images/symbols/message_end.png" publishTime="09/28/2012 07:43:08" />
    <file relUrl="mxgraph/examples/grapheditor/www/stencils/electrical/resistors.xml" publishTime="09/28/2012 07:43:08" />
    <file relUrl="mxgraph/examples/editors/images/help.gif" publishTime="09/28/2012 07:43:08" />
    <file relUrl="mxgraph/examples/grapheditor/www/stencils/clipart/Wireless_Router_N_128x128.png" publishTime="09/28/2012 07:43:08" />
    <file relUrl="mxgraph/examples/images/gradient_background.jpg" publishTime="09/28/2012 07:43:08" />
    <file relUrl="mxgraph/examples/editors/images/cube_green.png" publishTime="09/28/2012 07:43:08" />
    <file relUrl="mxgraph/src/images/transparent.gif" publishTime="09/28/2012 07:43:08" />
    <file relUrl="mxgraph/examples/offpage.html" publishTime="09/28/2012 07:43:08" />
    <file relUrl="mxgraph/examples/grapheditor/www/stencils/aws/database.xml" publishTime="09/28/2012 07:43:08" />
    <file relUrl="mxgraph/examples/images/cut.png" publishTime="09/28/2012 07:43:08" />
    <file relUrl="mxgraph/examples/editors/images/doubleellipse.gif" publishTime="09/28/2012 07:43:08" />
    <file relUrl="mxgraph/examples/editors/images/box.png" publishTime="09/28/2012 07:43:08" />
    <file relUrl="mxgraph/examples/extjs.html" publishTime="09/28/2012 07:43:08" />
    <file relUrl="mxgraph/examples/editing.html" publishTime="09/28/2012 07:43:08" />
    <file relUrl="mxgraph/examples/grapheditor/www/stencils/aws/on_demand_workforce.xml" publishTime="09/28/2012 07:43:08" />
    <file relUrl="mxgraph/examples/editors/images/house.gif" publishTime="09/28/2012 07:43:08" />
    <file relUrl="mxgraph/examples/editors/images/tofront.gif" publishTime="09/28/2012 07:43:08" />
    <file relUrl="mxgraph/examples/images/check.png" publishTime="09/28/2012 07:43:08" />
    <file relUrl="mxgraph/src/images/normalize.gif" publishTime="09/28/2012 07:43:08" />
    <file relUrl="mxgraph/src/images/separator.gif" publishTime="09/28/2012 07:43:08" />
    <file relUrl="mxgraph/src/css/explorer.css" publishTime="09/28/2012 07:43:08" />
    <file relUrl="Web.config" publishTime="10/16/2012 11:30:30" />
    <file relUrl="mxgraph/examples/stencils.html" publishTime="09/28/2012 07:43:08" />
    <file relUrl="css/images/bg.gif" publishTime="08/26/2011 09:04:59" />
    <file relUrl="mxgraph/examples/grapheditor/www/stencils/clipart/Empty_Folder_128x128.png" publishTime="09/28/2012 07:43:08" />
    <file relUrl="mxgraph/examples/dynamicloading.html" publishTime="09/28/2012 07:43:08" />
    <file relUrl="resources/basic-style.xml" publishTime="08/25/2011 14:57:12" />
    <file relUrl="mxgraph/examples/grapheditor/www/stencils/mockup/charts_and_tables.xml" publishTime="09/28/2012 07:43:08" />
    <file relUrl="mxgraph/examples/editors/images/alignbottom.gif" publishTime="09/28/2012 07:43:08" />
    <file relUrl="mxgraph/examples/images/icons48/column.png" publishTime="09/28/2012 07:43:08" />
    <file relUrl="mxgraph/examples/editors/images/top.gif" publishTime="09/28/2012 07:43:08" />
    <file relUrl="mxgraph/examples/editors/images/symbols/small_inclusive.gif" publishTime="09/28/2012 07:43:08" />
    <file relUrl="mxgraph/examples/grapheditor/www/stencils/signs/safety.xml" publishTime="09/28/2012 07:43:08" />
    <file relUrl="mxgraph/examples/grapheditor/www/stencils/clipart/Doctor1_128x128.png" publishTime="09/28/2012 07:43:08" />
    <file relUrl="mxgraph/examples/editors/help/index-all.html" publishTime="09/28/2012 07:43:08" />
    <file relUrl="mxgraph/examples/grapheditor/www/stencils/electrical/radio.xml" publishTime="09/28/2012 07:43:08" />
    <file relUrl="mxgraph/examples/editors/images/overlays/workplace.png" publishTime="09/28/2012 07:43:08" />
    <file relUrl="bin/Ext.Net.UX.dll" publishTime="09/07/2012 10:03:02" />
    <file relUrl="mxgraph/examples/editors/config/wfgraph-commons.xml" publishTime="09/28/2012 07:43:08" />
    <file relUrl="mxgraph/examples/images/icons48/gear.png" publishTime="09/28/2012 07:43:08" />
    <file relUrl="mxgraph/examples/grapheditor/www/styles/default.xml" publishTime="09/28/2012 07:43:08" />
    <file relUrl="mxgraph/examples/editors/images/symbols/small_terminate.gif" publishTime="09/28/2012 07:43:08" />
    <file relUrl="mxgraph/examples/images/navigate_plus.png" publishTime="09/28/2012 07:43:08" />
    <file relUrl="mxgraph/examples/serverview.html" publishTime="09/28/2012 07:43:08" />
    <file relUrl="mxgraph/examples/userobject.html" publishTime="09/28/2012 07:43:08" />
    <file relUrl="mxgraph/src/images/warning.gif" publishTime="09/28/2012 07:43:08" />
    <file relUrl="mxgraph/examples/editors/images/alignleft.gif" publishTime="09/28/2012 07:43:08" />
    <file relUrl="mxgraph/examples/grapheditor/www/stencils/mockup/misc.xml" publishTime="09/28/2012 07:43:08" />
    <file relUrl="mxgraph/examples/grapheditor/www/stencils/mockup/controls.xml" publishTime="09/28/2012 07:43:08" />
    <file relUrl="bin/SvgWeb.pdb" publishTime="10/18/2012 11:45:37" />
    <file relUrl="config/diagrameditor.xml" publishTime="08/26/2011 16:57:40" />
    <file relUrl="mxgraphDemo.aspx" publishTime="10/15/2012 11:28:40" />
    <file relUrl="mxgraph/examples/grapheditor/www/stencils/clipart/Email_128x128.png" publishTime="09/28/2012 07:43:08" />
    <file relUrl="mxgraph/examples/grapheditor/www/jscolor/hs.png" publishTime="09/28/2012 07:43:08" />
    <file relUrl="mxgraph/examples/grapheditor/www/stencils/clipart/Firewall_02_128x128.png" publishTime="09/28/2012 07:43:08" />
    <file relUrl="mxgraph/examples/editors/images/center.gif" publishTime="09/28/2012 07:43:08" />
    <file relUrl="mxgraph/examples/editors/images/image.gif" publishTime="09/28/2012 07:43:08" />
    <file relUrl="mxgraph/examples/grapheditor/www/stencils/signs/healthcare.xml" publishTime="09/28/2012 07:43:08" />
    <file relUrl="mxgraph/examples/grapheditor/www/stencils/electrical/plc_ladder.xml" publishTime="09/28/2012 07:43:08" />
    <file relUrl="mxgraph/examples/editors/images/alignright.gif" publishTime="09/28/2012 07:43:08" />
    <file relUrl="mxgraph/examples/grapheditor/www/stencils/aws/non_service_specific.xml" publishTime="09/28/2012 07:43:08" />
    <file relUrl="mxgraph/examples/editors/diagrams/empty.xml" publishTime="09/28/2012 07:43:08" />
    <file relUrl="mxgraph/examples/grapheditor/www/stencils/mockup/form_elements.xml" publishTime="09/28/2012 07:43:08" />
    <file relUrl="mxgraph/examples/grapheditor/www/js/Menus.js" publishTime="09/28/2012 07:43:08" />
    <file relUrl="mxgraph/examples/editors/images/bell.png" publishTime="09/28/2012 07:43:08" />
    <file relUrl="mxgraph/examples/editors/config/editor-commons.xml" publishTime="09/28/2012 07:43:08" />
    <file relUrl="mxgraph/examples/grapheditor/www/stencils/signs/food.xml" publishTime="09/28/2012 07:43:08" />
    <file relUrl="mxgraph/examples/editors/images/symbols/message_intermediate.png" publishTime="09/28/2012 07:43:08" />
    <file relUrl="mxgraph/examples/images/delete2.png" publishTime="09/28/2012 07:43:08" />
    <file relUrl="mxgraph/examples/grapheditor/www/stencils/electrical/waveforms.xml" publishTime="09/28/2012 07:43:08" />
    <file relUrl="bin/Ext.Net.Utilities.dll" publishTime="09/07/2012 10:03:02" />
    <file relUrl="mxgraph/examples/editors/config/keyhandler-minimal.xml" publishTime="09/28/2012 07:43:08" />
    <file relUrl="mxgraph/examples/images/close.png" publishTime="09/28/2012 07:43:08" />
    <file relUrl="mxgraph/examples/guides.html" publishTime="09/28/2012 07:43:08" />
    <file relUrl="mxgraph/examples/editors/images/cmp-bg.gif" publishTime="09/28/2012 07:43:08" />
    <file relUrl="mxgraph/examples/grapheditor/www/jscolor/jscolor.js" publishTime="09/28/2012 07:43:08" />
  </publishProfile>
</publishData>